,x,y,elevatiom,demand,tw a, tw b,s,0,1,2,3,4,5,6,7,8,9,10,11,12,13,14,15,16,17,18,19,20,21,22,23,24,25,26,27,28,29,30,31,32,33,34,35,36,37,38,39,40,41,42,43,44,45,46,47,48,49,50,51,52,53,54,55,56,57,58,59,60,61,62,63,64,65,66,67,68,69,70,71,72,73,74,75,76,77,78,79,80,81,82,83,84,85,86,87,88,89,90,91,92,93,94,95,96,97,98,99,100
0,52.095766,5.118788,8.900809288024902,,,,,0.0,2.8274,1.7073,2.4823000000000004,1.872,2.1574,3.1286,2.6349,2.6503,1.1074000000000002,1.0327,0.781,2.3022,2.0338,0.43660000000000004,0.2078,1.538,1.7357,1.9276,1.6958,2.2164,1.1859000000000002,2.0444,1.8662999999999998,2.7889,1.6431,1.8752,2.6504000000000003,1.6273,1.9119000000000002,1.8075,0.982,2.4947,2.0396,0.5304,1.9117,2.7765999999999997,1.3749,1.8729,2.6875,2.117,1.6852,1.9407999999999999,0.37160000000000004,1.7971,1.7137,0.9717,2.8948,1.2422,2.3815,1.938,1.6464,2.1191999999999998,0.3388,1.6433,1.6553,2.0616,3.0028,0.8827999999999999,1.7132,0.5727000000000001,1.9505,1.2494,2.3115,1.4553,1.185,0.8595,2.2377,0.9923,0.587,0.7957000000000001,3.2099,1.6765,1.6364,1.5363,1.9321,1.6316,1.5112999999999999,2.2429,2.1127,1.8397000000000001,2.5641,0.9974,1.7638,1.8214000000000001,2.3848000000000003,1.5297,2.8358000000000003,1.9017,2.3176,1.3446,1.0042,1.7806,0.8957999999999999,1.9522,1.7903,0.9796,1.5064000000000002,2.2833,0.7524,0.9177000000000001
1,52.075768,5.117367,3.839850664138794,14,6.9073541350146765,66.90949031054681,5,0.0,0.0,4.1732,3.5673000000000004,3.1635,3.9488000000000003,0.8006,2.751,0.2082,2.0367,2.2949,3.7249,4.0936,2.5291,2.8229,2.8709000000000002,3.245,2.6281999999999996,4.222300000000001,1.1085999999999998,3.0813,4.106199999999999,1.2822,4.4697,0.30889999999999995,1.2183,4.5599,0.8372999999999999,1.3777000000000001,1.211,3.3236,2.7149,3.5836,3.831,3.3796999999999997,3.4278000000000004,1.5808,2.342,2.9519,0.4806,3.9084,1.6165999999999998,4.6647,3.2209,2.6948000000000003,2.4446,2.655,0.5172,3.6031999999999997,1.9998,4.661899999999999,2.3236999999999997,4.425,2.7725999999999997,3.706,2.1104000000000003,3.853,1.3126,3.8266,4.6334,2.9696,1.9658,3.9733,3.2093000000000003,4.1792,2.2893000000000003,2.4282,2.4903000000000004,1.9901,2.311,3.0159000000000002,1.6668,3.1927,1.5916,2.7553,3.2634000000000003,1.3734000000000002,1.4112,3.759,2.6092,2.7321,0.6068,3.9766999999999997,2.8861999999999997,4.7417,1.302,4.4498999999999995,0.3029,3.7055,3.8338,2.1536,3.8384,1.5520999999999998,3.3459,1.3705999999999998,4.1842,2.2418,1.386,3.181,2.9034,3.767
2,52.102798,5.132779,3.074890375137329,10,81.70384491929983,139.41329123990204,5,0.0,0.0,0.0,3.5261,1.572,3.122,4.5419,4.023,3.996,2.0881999999999996,1.8384,1.4330999999999998,3.2666999999999997,3.4219,1.967,1.657,1.0491,2.7796,0.4985,3.3405,3.2601999999999998,1.3755,3.5624000000000002,2.4399,4.1347,3.2876999999999996,0.8251000000000001,4.168399999999999,3.2565,2.9842,0.8865,2.2503,3.5385,3.0040999999999998,1.1454000000000002,0.9289,4.2946,2.8929,1.5896,4.1008000000000004,3.0815,2.9175,1.8824,1.3042,3.0786,1.8697000000000001,2.1353,4.3081000000000005,0.726,3.8995,1.9172,2.9239,0.6902,1.8223,2.3959,3.1733000000000002,3.0261,4.5208,0.9436,1.4049,1.4434,3.4685,1.6783,3.6749,2.0289,2.703,1.7023,3.6258000000000004,2.5103,2.105,1.735,4.7279,0.9805,3.0772,3.0543,1.4287999999999998,3.3312,3.0901,0.6406000000000001,2.4198000000000004,2.8835,3.9099,1.1369,1.4804000000000002,1.2263,3.9028,1.1474000000000002,4.1816,2.6543,0.9081,2.3768000000000002,0.9554,2.6431999999999998,0.8447,3.5174000000000003,2.5429,1.9615,3.1204,3.3916999999999997,1.8475,0.7612000000000001
3,52.093213,5.091332,3.072949171066284,10,58.823752171680034,130.11994932880899,5,0.0,0.0,0.0,0.0,4.397,2.0526999999999997,2.6173,0.674,3.2044,3.2624,3.306,2.4613,1.9072,1.2348,1.9915,2.289,4.063,0.7984,3.7809,3.3912,0.5986,2.8895,2.3586,3.1315999999999997,3.4643,3.3385,3.5822,2.9646,3.0974,4.1225,4.3325,1.5017,0.5982999999999999,2.4791999999999996,2.6416999999999997,4.4367,2.0972,2.3775999999999997,4.2495,3.0018000000000002,2.4106,3.9446,3.431,2.4829,0.7065,3.9802,1.4922,2.8229,3.3535,1.5458,3.4283,1.3449,4.1748,2.6709,2.4101,1.814,2.4905999999999997,2.2473,3.0054000000000003,3.4166999999999996,3.252,2.1174,2.763,0.6832999999999999,2.9688000000000003,2.4320999999999997,3.1328,1.0351,2.7679,2.8105,1.7992000000000001,2.0945,4.2016,3.6734,2.3809,4.4571000000000005,3.1018000000000003,3.479,4.174600000000001,4.3792,0.7629,3.156,2.76,4.2888,3.525,2.699,3.2331999999999996,3.343,2.4095999999999997,4.8427,3.6041,2.9159,4.04,3.007,3.6475999999999997,2.8461999999999996,3.2529,2.9874,0.3215,1.7335999999999998,2.8712
4,52.092913,5.140497,6.3561530113220215,8,30.225248741052003,88.5914963683829,5,0.0,0.0,0.0,0.0,0.0,3.9192,3.3881,4.127,2.8421999999999996,1.561,1.4239000000000002,2.8234,4.064,3.526,2.4158000000000004,2.1367,0.7572000000000001,3.3233,1.7345,2.5644,3.8039,3.1155,3.6332,4.1799,2.9809,2.5776,2.5484,3.4248000000000003,2.9204,1.8304,0.8358,2.6357,4.082199999999999,3.8014,2.0082999999999998,0.8854,4.2338000000000005,2.6978,0.2513,2.947,3.8787,1.7637,3.5753000000000004,2.1671,3.2891999999999997,0.5546,2.6254,3.1543,1.5682,4.5873,3.5669,3.1386,1.9372,1.7098,3.7154000000000003,3.1475,3.8233,3.9001,2.0867,3.1281999999999996,1.628,3.2601,3.4183000000000003,3.8036999999999996,3.7689,2.4734000000000003,1.539,3.7298,2.1068000000000002,1.8945999999999998,2.8678000000000003,4.2543,0.7049,2.0818000000000003,3.0972,0.6109,2.916,2.4042,1.2971,0.8477,3.4272,2.7561,2.877,0.3605,2.9495999999999998,3.6531,2.8963,3.0277,3.6759,1.21,1.3446,2.0985,1.4894,1.7539,2.3636,3.8625,1.6128,2.0881999999999996,3.7754000000000003,2.8737,2.5012
5,52.10289,5.095619,2.3443174362182617,5,82.49342819906842,141.29486360489824,5,0.0,0.0,0.0,0.0,0.0,0.0,4.0333000000000006,2.552,3.7171,2.8590999999999998,2.8793,1.7077,0.1737,2.5353000000000003,1.936,2.1575,3.5569,1.893,3.4083,2.9879000000000002,2.1863,2.2765,2.9491,1.2634,3.8556999999999997,2.9351,2.9468,3.5551,2.6940999999999997,3.7192,3.7448,1.4462000000000002,1.7372999999999998,0.4264,2.5084,4.090199999999999,3.8803,2.2186999999999997,3.8228,3.5921999999999996,0.3578,3.5413,1.8652,2.3495999999999997,2.192,3.5535,1.3705999999999998,3.7995,3.0902,3.3289,1.8624,2.0373,3.8022,2.2441999999999998,0.9284,2.3655,0.43789999999999996,3.9075,2.6327,2.5585,2.6887,2.7078,1.8308,2.5724,1.6504,2.0288,2.7060999999999997,2.7392,2.3646,2.3838000000000004,1.4265999999999999,3.8775999999999997,3.8388,3.2701,2.3802,4.0304,2.6984,3.0757,3.8019000000000003,3.9525,1.9969000000000001,3.7464,2.1648,3.8621,2.6666999999999996,3.2895,2.422,3.9026,0.525,4.0695,3.2007,2.5433000000000003,3.6367,2.8738,3.2443,1.2803,2.8261999999999996,2.5841,2.2083000000000004,1.4747000000000001,2.4985999999999997
6,52.076961,5.108708,5.1817402839660645,9,90.33861189082701,141.13864012163313,5,0.0,0.0,0.0,0.0,0.0,0.0,0.0,1.9504000000000001,0.7521,2.5324,2.7906999999999997,4.0259,4.3168,2.044,3.1239,3.2342,3.7408,2.7644,4.718,1.6043,2.7674000000000003,4.4072,1.2409000000000001,4.7707,0.9376,1.7141,5.0999,0.4541,1.8734000000000002,1.7067999999999999,3.8194,2.6334,3.1424000000000003,4.132,3.6451,3.9236,0.7802,2.2605,3.4476,0.5495,4.2094,2.1124,4.9657,3.4864,2.4451,2.9403,2.956,0.4133,4.2238999999999995,1.1992,4.962899999999999,2.5695,4.9207,2.9356999999999998,4.0071,2.0093,4.154,0.512,3.9976,4.934399999999999,3.5169,1.8844,4.2744,2.4162,4.4802,2.2079,2.9239,1.6898,2.429,2.7923,3.3169,0.8662000000000001,3.6884,2.0874,2.6739,3.7591,1.8691,1.907,4.2547,3.1049,2.7321999999999997,0.7928,4.277699999999999,3.3819,5.0427,1.2206,4.7509,0.8162999999999999,4.0065,4.3295,2.6493,4.4337,2.0478,3.8601,1.8662999999999998,4.4853000000000005,2.7376,1.8818,2.3951,3.2044,4.3889
7,52.088647,5.090881,3.8844616413116455,14,37.766234785520915,95.75104410201445,5,0.0,0.0,0.0,0.0,0.0,0.0,0.0,0.0,2.5814,2.9269000000000003,3.0578000000000003,2.9621,2.3735,0.78,2.3731999999999998,2.7364,3.8148,1.3519,4.3875,3.1429,1.204,3.3901999999999997,1.822,3.6324,2.7973000000000003,3.0902,4.083,2.3535999999999997,2.8491999999999997,3.4718,4.0843,1.8057,1.1165,3.0358,3.1321,4.1885,1.4303,2.1294,4.0013000000000005,2.3836,2.8769,3.6092,3.9318,2.9733,1.0338,3.7319,1.993,2.156,3.7108000000000003,0.8789,3.929,1.3055,4.6755,2.4226,2.9108,1.3515,3.0578000000000003,1.5804,3.5061,3.9175,3.0038,1.7405,3.2636999999999996,0.4729,3.4696,2.1839,2.8846,0.4258,2.4325,2.5622,2.2999,1.4276,3.9533,3.4252,2.0402,4.2089,2.8535,3.2308000000000003,4.519699999999999,4.1309,1.3197,2.5378000000000003,3.2607,4.0405999999999995,4.0257,2.0808,3.734,2.6761,2.9103000000000003,4.594399999999999,3.2685999999999997,3.4166999999999996,3.8128,3.347,3.3993,3.3469,3.0046999999999997,2.7392,0.8094,2.2344,3.3719
8,52.077181,5.117235,2.9444327354431152,10,1.284024189958266,40.93745346033193,5,0.0,0.0,0.0,0.0,0.0,0.0,0.0,0.0,0.0,1.8596,2.1178000000000003,3.7665,4.1352,2.1881999999999997,2.8644000000000003,2.6938,3.0679000000000003,2.2873,4.0451999999999995,0.9314,2.7404,4.1476999999999995,0.9412999999999999,4.5113,0.3426,1.0412000000000001,4.3828000000000005,0.6836,1.2006,1.0339,3.1465,2.374,3.2426999999999997,3.8726,3.2026,3.2506999999999997,1.5419,2.0011,2.7748000000000004,0.2026,3.95,1.4395,4.706300000000001,3.0438,2.3539,2.2675,2.6966,0.4254,3.4261,1.8460999999999999,4.7035,1.9828,4.2479,2.5955,3.7476,1.7695,3.8946,1.1589,3.6495,4.675,2.7925,1.625,4.0149,2.8684000000000003,4.2208000000000006,1.9484000000000001,2.2511,2.3366,1.8129000000000002,2.1339,3.0575,1.5131,3.0156,1.4145,2.4145,3.0863,1.1962000000000002,1.2341,3.5819,2.4320999999999997,2.3913,0.42969999999999997,4.0182,2.7091,4.7832,0.9611000000000001,4.4915,0.22319999999999998,3.7471,3.6567,1.9765,3.6613,1.375,3.1688,1.1935,4.2258000000000004,2.0646999999999998,1.2089,2.8401,2.945,3.5899
9,52.088755,5.123414,9.970399856567383,5,58.405841868522465,127.93633927144421,5,0.0,0.0,0.0,0.0,0.0,0.0,0.0,0.0,0.0,0.0,0.32789999999999997,1.9081,3.003,2.4248000000000003,1.287,1.2724000000000002,1.5679,2.2622,2.4193000000000002,0.9308,2.7429,2.3909000000000002,1.793,2.8266,1.9507999999999999,0.878,2.6993,2.399,0.8775,0.9088999999999999,1.8468,1.5746,3.0212,2.7403000000000004,1.4125999999999999,1.951,2.5252,1.1368,1.47,1.9169,2.8177,0.6822,2.9011,1.2539,2.4085,1.2006,1.5643,2.1241999999999996,1.7426,2.8949000000000003,2.8984,2.0374,2.5556,0.8055,2.6153000000000004,1.8436,2.7623,2.7514000000000003,1.8596,2.9181,1.0026,1.6990999999999998,2.2098,2.923,2.4156,0.9124,0.4611,2.6287,0.5458,0.5284,1.9252,2.9585,1.7159,0.6831,1.5362,1.7866,0.9522,0.6961,2.2822,1.5996,2.3661999999999996,1.726,1.936,1.4042999999999999,2.7571999999999997,2.1334,2.7346,1.9977,2.6148000000000002,2.357,0.3417,1.8713,0.7776000000000001,1.3788,1.1872,2.7506999999999997,0.1343,0.7414,2.8947,1.8127,1.8
10,52.090419,5.125455,7.628398418426514,12,86.49717878692066,156.7226715280766,5,0.0,0.0,0.0,0.0,0.0,0.0,0.0,0.0,0.0,0.0,0.0,1.9917,3.1113000000000004,2.6003000000000003,1.3898,1.305,1.427,2.3706,2.056,1.2475,2.8512,2.3966,1.9685,2.9066,2.2716,1.1947999999999999,2.336,2.5745,1.1942000000000002,1.1211,1.6725,1.683,3.1295,2.8487,1.2699,1.7767,2.7006,1.3123,1.3596,2.2377,2.926,0.8945,2.9811,1.2595,2.584,1.0903,1.6727,2.445,1.3793,3.0704000000000002,2.9783000000000004,2.2129000000000003,2.2476,0.7571,2.6835,2.0191,2.8706,2.9269000000000003,1.4963,2.9238000000000004,0.8285,1.8745,2.2897,3.0985,2.4956,1.0711,0.3752,2.8041,0.8625,0.5908,1.836,3.134,1.5415,1.0442,1.7116,1.6122,1.2689000000000001,1.0572000000000001,2.1078,1.4892,2.4745,2.0468,1.9417,1.2939,2.7404,2.3089,2.7403000000000004,2.3185,2.7232,2.1826,0.30319999999999997,1.5081,0.839,1.0155,1.5039,2.8306,0.1889,1.0580999999999998,3.0702,1.921,1.7419
11,52.101031,5.1142,3.635179281234741,7,86.54117362233038,129.55252162577366,5,0.0,0.0,0.0,0.0,0.0,0.0,0.0,0.0,0.0,0.0,0.0,0.0,1.7273,2.3709000000000002,0.9198999999999999,0.7445,2.0337,1.7285,1.6942000000000002,2.3715,2.2091999999999996,0.6023,2.7274000000000003,1.1744,3.6341,2.3186999999999998,1.4955,3.3334,2.4725,2.6071,1.9649,1.2245,2.4875,1.468,0.9853,2.3762,3.7159,1.9970999999999999,2.6391999999999998,3.3706,1.5454,2.3805,1.2489000000000001,0.8265,2.0276,2.4978000000000002,1.1095,3.5779,1.3103,3.1645,1.2461,1.8729,2.0881,1.088,0.9627,2.1439,1.49,3.6859,0.9187000000000001,1.1295,1.2386,2.4861999999999997,0.5576,2.6239,0.7634,1.8072000000000001,1.5548,2.5748,1.668,1.2823,0.7092999999999999,3.7131999999999996,2.0589,2.5181,2.1585,2.6984,2.4768000000000003,2.393,2.0879000000000003,2.8968000000000003,1.8325,3.5248000000000004,0.4728,2.5301,1.2378,3.0679000000000003,0.946,3.681,1.2212,2.3554,2.1635,0.8292999999999999,2.4759,1.3505999999999998,2.6279,1.1098,1.6749,2.3624,2.3407,0.8218,0.7845
12,52.10251,5.093838,1.9803478717803955,11,96.12041021817942,142.94393527064358,5,0.0,0.0,0.0,0.0,0.0,0.0,0.0,0.0,0.0,0.0,0.0,0.0,0.0,2.6486,2.0494,2.2708000000000004,3.6702,2.0063,3.5216,3.1012,2.0441,2.3763,3.0624000000000002,1.3632,3.969,3.0484,3.0465999999999998,3.6684,2.8074,3.8325,3.8581,1.5595,1.5951,0.5526,2.6216999999999997,4.2035,3.9936,2.332,3.9362,3.7055,0.484,3.6546,1.965,2.4629000000000003,2.3053000000000003,3.6668000000000003,1.4839,3.9128000000000003,3.2035,3.4421999999999997,1.9622,2.1506,3.9155,2.3575,1.0417,2.4788,0.564,4.0208,2.746,2.6583,2.802,2.8211,1.9305999999999999,2.4301999999999997,1.7502,2.1421,2.8194,2.8525,2.4779,2.4971,1.5399,3.9909,3.9520999999999997,3.3834,2.4935,4.1437,2.8118000000000003,3.189,3.9152,4.0658,2.1102,3.8596999999999997,2.2781,3.9754,2.7665,3.4028,2.5218000000000003,4.0159,0.6383,4.1828,3.314,2.6566,3.75,2.9871,3.3575999999999997,1.3800999999999999,2.9395,2.6974,2.0661,1.588,2.6119
13,52.087816,5.099169,2.9913856983184814,12,41.4517955644908,91.76691495736841,5,0.0,0.0,0.0,0.0,0.0,0.0,0.0,0.0,0.0,0.0,0.0,0.0,0.0,0.0,1.7722,2.1353,3.2137,0.9098999999999999,3.7864,2.5419,0.9128999999999999,2.7891999999999997,1.3807,3.0313000000000003,2.7056,2.4892,3.4819,1.9867000000000001,2.2481,3.1121,3.4831999999999996,1.2046,1.2879,2.4347,2.531,3.5874,1.2233,1.5283,3.4002,2.0238,2.5120999999999998,3.0080999999999998,3.3306999999999998,2.3722,0.5906,3.1309,1.3919000000000001,1.949,3.1098000000000003,0.645,3.3279,0.7044,4.0745,1.8215999999999999,2.3098,0.3876,2.4566999999999997,1.3465,2.905,3.3164000000000002,2.4027,1.1394000000000002,2.6626999999999996,0.8767999999999999,2.8685,1.5829000000000002,2.2835,0.38280000000000003,1.8314000000000001,1.9612,1.6989,1.1937,3.3523,2.8242,1.4390999999999998,3.6078,2.2525,2.6296999999999997,3.9186,3.5299,0.8777,2.178,2.6597,3.4395,3.4246,1.7210999999999999,3.1329000000000002,2.5843000000000003,2.3091999999999997,3.9934000000000003,2.6675999999999997,2.8156,3.1035,2.746,2.7983000000000002,2.7459000000000002,2.4036,2.1381,0.7971,1.6333,2.7709
14,52.09553,5.115055,9.145854949951172,9,0.7987157958605051,79.45126408309481,5,0.0,0.0,0.0,0.0,0.0,0.0,0.0,0.0,0.0,0.0,0.0,0.0,0.0,0.0,0.0,0.3972,1.764,1.3165,2.2111,1.6679000000000002,1.7972000000000001,1.3487,1.9686,1.8327,2.7416,1.6152,2.05,2.5745999999999998,1.58,2.1104000000000003,2.0335,0.6289,2.0755,1.7946,0.8139,2.1376999999999997,2.7008,1.1045999999999998,2.0989,2.6117,1.872,1.8838,1.9072,0.6552,1.5208,1.9055,0.6186,2.819,1.66,2.1111999999999997,1.9044,1.3760999999999999,2.6425,0.5734,1.6097000000000001,1.385,1.8166,2.927,1.169,1.8759000000000001,0.953,1.7273,1.2158,2.0353,1.4217,0.9147000000000001,1.0580999999999998,1.9674,0.9643999999999999,0.7358,0.7621,2.6433,1.9025,1.8146,1.266,2.1581,1.5843,1.6895,2.4688000000000003,2.3045,1.4205,2.5168000000000004,1.1722000000000001,1.9898,1.9842,2.309,1.6924000000000001,2.7884,1.6690999999999998,2.5436,1.5432000000000001,1.179,1.9792,1.2962,1.9243,1.7568,1.1782000000000001,1.4699,2.007,0.867,1.1982000000000002
15,52.096234,5.118852,7.3403706550598145,15,68.61349065999676,127.806964142304,5,0.0,0.0,0.0,0.0,0.0,0.0,0.0,0.0,0.0,0.0,0.0,0.0,0.0,0.0,0.0,0.0,1.597,1.6710999999999998,1.9138,1.7550999999999999,2.1518,1.1353,2.1037,1.8017,2.8482,1.7024000000000001,1.8245,2.7096999999999998,1.6865999999999999,2.0688,1.8665,0.9893,2.4301,1.975,0.5166000000000001,1.9707000000000001,2.8359,1.4521,1.9319000000000002,2.7468000000000004,2.0524,1.8420999999999998,1.8762,0.3578,1.9702,1.7905,0.8432000000000001,2.9541,1.2284000000000002,2.4587,1.8734000000000002,1.7237,2.1054,0.5006,1.5787,1.7326,1.997,3.0621,0.869,1.6625,0.5312,2.0749,1.1847999999999999,2.5665,1.3907,1.2622,1.0164,2.3149,1.0515999999999999,0.6949,0.7311,2.9908,1.7355,1.9919,1.6136,1.9910999999999999,1.6909,1.6192,2.2211999999999996,2.1895,1.7751,2.6234,0.9467000000000001,1.8228,1.7708,2.4440999999999997,1.479,2.8951,1.8371,2.3766,1.4561,0.9535,1.9375,0.882,2.0115,1.7257,1.1365,1.5657,2.2833,0.6878,0.904
16,52.096662,5.137222,3.4297573566436768,14,37.01501111263655,89.36855424539048,5,0.0,0.0,0.0,0.0,0.0,0.0,0.0,0.0,0.0,0.0,0.0,0.0,0.0,0.0,0.0,0.0,0.0,2.9812,1.1274000000000002,2.3968000000000003,3.4619,2.3659,3.1945,3.1789,3.191,2.344,1.8349000000000002,3.6349,2.3128,2.0405,0.6504,2.2936,3.7401999999999997,3.3624,1.049,0.6453,3.9267,2.525,0.6459,3.1571,3.4398,1.9738,2.8257,1.2078,2.9471999999999996,0.926,2.2833,3.3644000000000003,0.6889,3.5316,2.8173000000000004,2.7965,1.3300999999999998,1.4544000000000001,2.9408000000000003,2.8055,3.3844000000000003,4.1102,1.2754,2.5211,1.0755,3.1006,2.562,3.4617,2.7678000000000003,2.3350999999999997,1.3475,3.3878000000000004,1.986,1.7370999999999999,2.0933,4.4643999999999995,0.4102,2.1335,2.6865,0.6657000000000001,2.3875,2.1464000000000003,0.9257000000000001,1.4563,3.0852,2.9661999999999997,2.1273,0.5367000000000001,2.3425,3.5349,2.1466999999999996,3.2379000000000002,3.1993,1.0980999999999999,1.4330999999999998,1.2872000000000001,1.6995,0.7484,2.5736999999999997,3.0879000000000003,1.6068,2.1767,3.4334000000000002,2.2058,1.5211
17,52.093328,5.101338,5.576244354248047,11,36.450793774747666,113.2711670179065,5,0.0,0.0,0.0,0.0,0.0,0.0,0.0,0.0,0.0,0.0,0.0,0.0,0.0,0.0,0.0,0.0,0.0,0.0,3.0853,2.4520999999999997,0.5018,2.1939,1.4195,2.4360999999999997,2.7444,2.3994,2.8867,2.0255,2.1583,3.1834000000000002,3.3934,0.8061,1.0332000000000001,1.8395,1.9461,3.4976,2.2443,1.4385,3.3104,2.0627,1.9169,3.0055,2.7355,1.7872999999999999,0.3478,3.0410999999999997,0.7967000000000001,2.2699000000000003,2.6579,1.6929,2.7327,0.4058,3.4791999999999996,1.7318,1.7145,0.8749,1.8615,2.3944,2.3098,2.7211999999999996,2.3129,1.1783,2.0674,1.0174,2.2733000000000003,1.493,2.1936999999999998,1.1032,1.8288,1.8714000000000002,1.1036,2.2416,3.2625,2.7343,1.3308,3.518,2.1626999999999996,2.5399000000000003,3.479,3.4400999999999997,0.104,2.2169,2.0644,3.3497,2.8294,1.7599,2.5376999999999996,2.6231,1.714,3.9036,2.665,2.2204,3.1009,2.3115,2.7085,2.1506,2.3138,2.0483000000000002,0.6608999999999999,1.0380999999999998,2.1755999999999998
18,52.103958,5.134667,4.120509147644043,8,91.71587885555675,155.55244455529555,5,0.0,0.0,0.0,0.0,0.0,0.0,0.0,0.0,0.0,0.0,0.0,0.0,0.0,0.0,0.0,0.0,0.0,0.0,0.0,3.3923,3.5071,1.5586,4.0321,2.5093,4.1865,3.3396,0.9458,4.6304,3.3084000000000002,3.0361,0.9384,2.4972,3.7855,3.251,1.6151,0.9808,4.7642,3.3626,1.6414000000000002,4.152699999999999,3.3284000000000002,2.9694000000000003,2.0031,1.7739,3.3255,1.9215,2.3821999999999997,4.36,0.8871,4.4624,2.0379,3.1708000000000003,0.2542,2.292,2.6428000000000003,3.643,3.273,5.1058,1.4133,1.5255999999999998,1.913,3.9381999999999997,1.904,3.9218,2.0296,3.1726,2.1879,3.8727,2.98,2.5747,1.9819,5.1976,1.0323,3.129,3.524,1.4807000000000001,3.3830999999999998,3.142,0.7876000000000001,2.4716,3.1304000000000003,3.9617,1.3839000000000001,1.5323,1.347,4.3725,1.2681,4.2334,2.9012,0.96,2.4286999999999996,1.242,2.6951,1.3144,3.5692,2.4113,2.4075,3.1721999999999997,3.6386,2.0944000000000003,1.0081
19,52.083043,5.120876,7.669252395629883,9,46.339134173053296,76.57430309770065,5,0.0,0.0,0.0,0.0,0.0,0.0,0.0,0.0,0.0,0.0,0.0,0.0,0.0,0.0,0.0,0.0,0.0,0.0,0.0,0.0,2.8513,3.1239,1.6763,3.4875,1.024,0.1098,3.4848000000000003,1.4679,0.416,0.7555,2.4551,1.6830999999999998,3.1296999999999997,2.8488,2.166,2.5593000000000004,2.2769,1.2687,2.0783,0.9901,2.9261999999999997,0.9656,3.6825,2.0073,2.5404,1.9890999999999999,1.6728,1.1974,2.643,2.6304000000000003,3.6797,2.1693000000000002,3.5565,1.4345999999999999,2.7238,1.9754,2.8707,1.9432,2.5185,3.6512,1.903,1.8309000000000002,2.9911,3.0549,3.197,1.0209,1.3615,2.7605,0.8742000000000001,1.1747999999999998,2.0337,2.2974,2.3242,0.5588,1.6637,2.3949000000000003,0.4117,0.32030000000000003,2.8905,2.1536999999999997,2.4745999999999997,0.7992,2.9944,2.0126,3.7594000000000003,1.6962000000000002,3.4677,1.0709000000000002,2.7233,2.9652,1.0754000000000001,2.5302,1.0965,2.2792,0.353,3.202,1.0347,0.4038,3.0265999999999997,1.9212,2.5534
20,52.094812,5.097014,5.5108513832092285,15,80.59649100127844,126.40741650010528,5,0.0,0.0,0.0,0.0,0.0,0.0,0.0,0.0,0.0,0.0,0.0,0.0,0.0,0.0,0.0,0.0,0.0,0.0,0.0,0.0,0.0,2.6155,1.916,2.8575999999999997,3.2409,2.7166,3.3082,2.522,2.4756,3.5006999999999997,3.8434,1.2277,0.5121,2.2611,2.3676999999999997,3.7915,2.249,1.935,3.6044,2.5591999999999997,2.3385,3.3228,3.1571,2.2089000000000003,0.4763,3.335,1.2183,2.7665,3.0795,1.6976,3.1543,0.8599,3.9008000000000003,2.0257,2.1361,1.3289000000000002,2.283,2.3991,2.7314000000000003,3.1426999999999996,2.5463,1.6747999999999998,2.489,0.852,2.6948000000000003,1.8103,2.4876,1.1079,2.1461,2.1653000000000002,1.5252000000000001,2.2463,3.5564,3.0516,1.7849000000000002,3.8119,2.48,2.8571999999999997,3.9006,3.734,0.3511,2.7134,2.486,3.6435999999999997,3.251,2.2565,2.9591999999999996,3.1197,2.1355999999999997,4.168100000000001,2.9821999999999997,2.6419,3.4181999999999997,2.733,3.0258000000000003,2.5721999999999996,2.6077,2.3655999999999997,0.5394,1.4597,2.5972
21,52.104696,5.117128,3.7831826210021973,14,19.49260139575277,52.52141813373899,5,0.0,0.0,0.0,0.0,0.0,0.0,0.0,0.0,0.0,0.0,0.0,0.0,0.0,0.0,0.0,0.0,0.0,0.0,0.0,0.0,0.0,0.0,3.1087,1.1697,4.0153,2.6805,0.9078999999999999,3.7146999999999997,2.8537,2.9979,2.3001,1.6058,2.894,2.0831,1.3184,2.3395,4.1224,2.3784,2.9691,3.7519,2.1605,2.7712,0.9411,1.2172,2.4341,2.8885,1.4908,3.9591,1.7150999999999998,3.571,0.9327000000000001,2.2794,1.8317,1.4787000000000001,1.4602,2.5252,2.1050999999999997,4.0671,1.0046,0.5666,1.6293,2.8675,0.4541,3.0304,0.7587,2.1884,1.9455,2.9813,2.0297,1.673,1.0905,4.1197,2.3941,2.7224,2.5398,2.8394,2.8581,2.5973,1.9653,3.2875,2.239,3.9061,0.42869999999999997,2.8599,0.6748,3.4491,0.3831,4.0622,1.7186,2.3188,2.5542,0.9152,2.8666,1.5186,2.9896,1.0717,2.0656,2.7437,2.7472,1.203,0.7127
22,52.08321,5.109318,2.201620101928711,11,68.04342173834263,141.7790953723199,5,0.0,0.0,0.0,0.0,0.0,0.0,0.0,0.0,0.0,0.0,0.0,0.0,0.0,0.0,0.0,0.0,0.0,0.0,0.0,0.0,0.0,0.0,0.0,3.6957,1.4112,1.9245999999999999,4.025,0.6922999999999999,1.6836,1.8177,3.5224,1.5585,2.4272,3.0570999999999997,2.5702,3.6266,0.7984,1.1856,3.5585999999999998,0.7295,3.1344000000000003,2.2233,3.8907,2.4114,1.5384,3.0513000000000003,1.8811,0.9368,3.1489000000000003,1.1681,3.888,1.1673,4.0172,1.8607,2.9320999999999997,0.954,3.079,1.0246,2.9226,3.8595,2.4419,0.8094,3.1994000000000002,2.0529,3.4052,1.1329,1.8974000000000002,1.5912,1.3540999999999999,1.7174,2.2419000000000002,1.2317,3.3915,2.2596,1.5989,3.8701,1.6879000000000002,2.0179,3.9578,3.2159,1.5757,0.8837,3.2026999999999997,3.4929,3.9677,0.4268,3.676,1.29,2.9316,4.0325,2.1902,3.3587,2.1586999999999996,2.7851,1.9773,3.4103000000000003,1.9021,1.5735,2.0246,2.1294,3.314
23,52.108171,5.105675,1.7374835014343262,7,53.53540179815802,90.78427788889391,5,0.0,0.0,0.0,0.0,0.0,0.0,0.0,0.0,0.0,0.0,0.0,0.0,0.0,0.0,0.0,0.0,0.0,0.0,0.0,0.0,0.0,0.0,0.0,0.0,4.412,3.4914,1.8316,4.1114,3.2504,3.6643000000000003,3.1075,2.0025,3.2081999999999997,1.436,2.1675999999999997,3.2633,4.4366,2.775,3.8216,4.1485,1.5019,3.4377,0.75,2.0089,2.7483,3.6801,1.9267999999999998,4.3558,2.4529,3.8851999999999998,0.7473,2.5936,2.7554000000000003,2.1451,0.729,2.9218,1.4579000000000002,4.4638,1.9113,1.4433,2.4209,3.2641,0.7157,3.3446,0.5353,2.5850999999999997,2.6119,3.2955,2.5865,2.3578,1.4894,4.4338999999999995,3.2015,3.4366999999999996,2.9365,3.7632,3.2546999999999997,3.632,3.0702,4.0790999999999995,2.5532,4.3027,1.3302,3.7124,1.5515999999999999,3.8458,1.3068,4.4589,0.9873999999999999,3.2425,3.0970999999999997,1.8217999999999999,3.533,2.4253,3.8005,0.3404,2.732,3.1404,3.0614,1.6019,1.7771
24,52.075531,5.120303,2.476579427719116,8,7.270007877417495,42.907996381043546,5,0.0,0.0,0.0,0.0,0.0,0.0,0.0,0.0,0.0,0.0,0.0,0.0,0.0,0.0,0.0,0.0,0.0,0.0,0.0,0.0,0.0,0.0,0.0,0.0,0.0,1.352,4.3273,0.9736,1.1792,0.9785,3.091,2.8485,3.7173000000000003,3.7278000000000002,3.1471,3.1952,1.7170999999999998,2.4756,2.7193,0.6169,3.8051999999999997,1.384,4.5615,2.9883,2.8284000000000002,2.212,2.5518,0.6414,3.3706,2.1361,4.5587,2.4573,4.192399999999999,2.54,3.6028000000000002,2.244,3.7498,1.4489,3.594,4.5302,2.737,2.0995,3.8701,3.3429,4.076,1.8999000000000001,2.1955999999999998,2.6266,1.8869,2.0785,2.9126999999999996,1.8031,2.9600999999999997,1.359,2.889,3.0308,1.1747999999999998,1.1785999999999999,3.5264,2.3766,2.8658,0.7405,3.6705,2.6536,4.6385,1.4357,4.3467,0.1212,3.6023,3.6012,1.921,3.6058000000000003,1.3195,3.1133,1.138,4.081,2.0092,1.2828,3.3146,2.8002,3.5345
25,52.083662,5.121283,9.099084854125977,6,79.36216112183627,112.1247194002445,5,0.0,0.0,0.0,0.0,0.0,0.0,0.0,0.0,0.0,0.0,0.0,0.0,0.0,0.0,0.0,0.0,0.0,0.0,0.0,0.0,0.0,0.0,0.0,0.0,0.0,0.0,3.4668,1.8048,0.48719999999999997,0.7687,2.3686,1.6302999999999999,3.0769,2.7961,2.148,2.4728000000000003,2.6043000000000003,1.216,1.9918,1.327,2.8734,0.6764,3.6296999999999997,1.9892999999999998,2.4876,1.6643,1.62,1.5343,2.5565,2.9673000000000003,3.627,2.1165,3.47,1.3480999999999999,2.6711,1.9227,2.818,2.2801,2.5005,3.5985,1.8165,1.7782,2.9384,3.0021,3.1441999999999997,0.9681000000000001,1.275,2.7078,0.8215,1.0883,1.9809,2.6343,2.2377,0.42710000000000004,1.611,2.3084000000000002,0.5619,0.1885,2.804,1.8289000000000002,2.4219,1.1360999999999999,2.6714,1.9261,3.7066999999999997,2.0331,3.415,1.4078,2.6706,2.8788,0.9889,2.5122,0.7717999999999999,2.1927,0.36619999999999997,3.1493,0.9482,0.3511,2.9738,1.8684,2.5354
26,52.10663,5.125364,3.998293399810791,6,55.99913175331248,97.37593671616274,5,0.0,0.0,0.0,0.0,0.0,0.0,0.0,0.0,0.0,0.0,0.0,0.0,0.0,0.0,0.0,0.0,0.0,0.0,0.0,0.0,0.0,0.0,0.0,0.0,0.0,0.0,0.0,4.4061,3.3716999999999997,3.3303000000000003,1.6989,2.2971999999999997,3.5854,2.856,1.4607999999999999,1.7412999999999998,4.8138000000000005,3.0173,2.4019,4.4432,2.9219,3.2636,1.3523,1.4967000000000001,3.1254,2.6820999999999997,2.1820999999999997,4.6505,1.2349,4.2623,1.3871,2.9708,1.02,2.0486999999999997,2.149,3.2165,2.878,4.7585,1.1469,0.6734,1.9088,3.5588,1.2781,3.7218,1.3789,2.8274,2.2112,3.6727,2.7367,2.3314,1.7819,4.811100000000001,1.7929000000000002,3.3258,3.1786999999999996,2.2411999999999996,3.376,3.3387,1.5482,3.2321,2.9304,4.256,1.1838,2.2928,0.4948,4.1405,0.8164,4.527699999999999,2.4074,1.7205,2.4264,1.0575,2.9893,1.3536,3.8635,1.7605,2.4704,3.2508000000000004,3.4386,1.8944,0.8236
27,52.078635,5.112673,3.9600064754486084,13,71.5522709618783,106.35685703938259,5,0.0,0.0,0.0,0.0,0.0,0.0,0.0,0.0,0.0,0.0,0.0,0.0,0.0,0.0,0.0,0.0,0.0,0.0,0.0,0.0,0.0,0.0,0.0,0.0,0.0,0.0,0.0,0.0,1.831,1.6644,3.777,2.1973000000000003,3.066,3.6959,3.209,3.8811999999999998,1.3000999999999998,1.8244,3.4052,0.472,3.7733000000000003,2.07,4.5296,3.0502,2.1772,2.8979,2.5199000000000003,0.6792,3.7878000000000003,1.6533,4.526800000000001,1.8060999999999998,4.8783,2.4996,3.5709,1.5928,3.7179,0.9662000000000001,3.5614,4.4983,3.0806999999999998,1.4483,3.8381999999999996,2.6917,4.0441,1.7717,2.5362,2.093,1.9929000000000001,2.3562,2.8808000000000002,1.3203,3.646,2.045,2.2378,3.7167,1.8267,1.8645999999999998,4.2123,3.0625,2.2146,0.7303999999999999,3.8416,3.3395,4.6066,0.7845,4.3148,0.9785,3.5704000000000002,4.287100000000001,2.6069,3.9975,2.0054000000000003,3.424,1.8239,4.0491,2.6952,1.8394000000000001,2.6634,2.7683,3.9528000000000003
28,52.084716,5.117915,8.318410873413086,12,18.58570863713228,94.35891131711946,5,0.0,0.0,0.0,0.0,0.0,0.0,0.0,0.0,0.0,0.0,0.0,0.0,0.0,0.0,0.0,0.0,0.0,0.0,0.0,0.0,0.0,0.0,0.0,0.0,0.0,0.0,0.0,0.0,0.0,1.129,2.4723,1.4143,2.8609,2.5801,2.2003000000000004,2.5765,2.2593,0.871,2.0955,1.2317,2.6574,1.2392,3.4137,2.0415,2.1426999999999996,1.8262,1.404,1.4389,2.6603000000000003,2.8719,3.411,1.7715999999999998,3.5736999999999997,1.4518,2.4551,1.5777,2.602,2.1848,2.5526999999999997,3.3825,1.9202000000000001,1.4332,2.7224,2.6572,2.9282,0.8125,1.3788,2.3628,0.9085,1.192,1.7649000000000001,2.5389,2.3414,0.9097000000000001,1.2785,2.4120999999999997,0.0043,0.7152999999999999,2.9076999999999997,2.5271999999999997,2.18,1.0407,2.7257,2.0298,3.4907,1.9377,3.199,1.3124,2.4545,2.9825,1.0926,2.8817,1.4701,2.2965,0.8837999999999999,2.9333,1.0519,0.1361,2.6289000000000002,1.6524,2.8369
29,52.082469,5.126679,7.93880033493042,7,97.32559135361272,177.01599786638593,5,0.0,0.0,0.0,0.0,0.0,0.0,0.0,0.0,0.0,0.0,0.0,0.0,0.0,0.0,0.0,0.0,0.0,0.0,0.0,0.0,0.0,0.0,0.0,0.0,0.0,0.0,0.0,0.0,0.0,0.0,2.1126,2.3204000000000002,3.767,3.4861999999999997,2.1687,2.2168,2.4034,1.9061,1.7408,1.1165999999999998,3.5635,0.4056,3.7855,2.0099,3.1776999999999997,1.2335999999999998,2.3101,1.3239,2.3921,2.7568,3.7828000000000004,2.8066,3.2139,1.5615999999999999,3.3611999999999997,2.6128,3.5080999999999998,2.0696999999999997,2.6155999999999997,3.6740999999999997,1.7586,2.4683,3.0942,3.6921999999999997,3.3,1.6582000000000001,1.2170999999999998,3.1961999999999997,1.454,1.4327,2.671,2.4239,1.9815999999999998,0.7542000000000001,2.3011,2.0523000000000002,1.0856,0.5738,2.5479000000000003,1.3982,3.112,0.9256,2.6921,1.6750999999999998,3.7531999999999996,1.8227,3.4905999999999997,1.1973,3.3607,2.6227,0.9425,2.6273,0.341,2.1348000000000003,0.5332,3.8394,1.0308,1.0412000000000001,3.6639,2.5585,2.556
30,52.098153,5.138874,4.347692489624023,8,59.666208364984364,128.26681190908982,5,0.0,0.0,0.0,0.0,0.0,0.0,0.0,0.0,0.0,0.0,0.0,0.0,0.0,0.0,0.0,0.0,0.0,0.0,0.0,0.0,0.0,0.0,0.0,0.0,0.0,0.0,0.0,0.0,0.0,0.0,0.0,2.5652,4.0118,3.6015,1.4895999999999998,0.6301,4.198300000000001,2.7965999999999998,0.74,3.2513,3.6789,2.068,2.7764,1.6484,3.2188000000000003,1.0201,2.5549,3.4585,0.7693,3.8032,2.768,3.0681,1.1382999999999999,1.726,3.337,3.0770999999999997,3.6234,4.2044,1.2878,2.3294,1.3471,3.3722,2.6194,3.7333000000000003,2.97,2.6067,1.6191,3.6594,2.2895,2.0087,2.3324000000000003,4.5585,0.13090000000000002,2.2276,2.958,0.7038,2.4817,2.2405999999999997,0.437,1.5504,3.3568000000000002,3.0603000000000002,2.0781,0.6307999999999999,2.1508000000000003,3.9573,2.0974,3.332,3.5954,0.6093999999999999,1.5272000000000001,1.2995999999999999,1.7937,1.189,2.6678,3.4840999999999998,1.7955,2.2708000000000004,3.705,2.4449,1.7024000000000001
31,52.094419,5.108541,4.074634075164795,6,97.36431519132704,132.47436553258643,5,0.0,0.0,0.0,0.0,0.0,0.0,0.0,0.0,0.0,0.0,0.0,0.0,0.0,0.0,0.0,0.0,0.0,0.0,0.0,0.0,0.0,0.0,0.0,0.0,0.0,0.0,0.0,0.0,0.0,0.0,0.0,0.0,1.506,1.3579,1.3382,2.6975,2.2351,0.9062,2.5104,2.1461,1.4352,2.2288,2.1915,1.1795,0.9431,2.241,0.18180000000000002,2.3533000000000004,2.2199,1.6455,2.1887,0.7066,2.9183000000000003,0.9317000000000001,1.2329,0.9194,1.3798,2.4613,1.7489000000000001,2.1603000000000003,1.5129000000000001,1.2617,1.5002,1.4576,1.706,0.7162999999999999,1.3937,1.4085,1.0520999999999998,1.0713,0.5427000000000001,2.1776,2.4624,1.9576,1.0677,2.718,1.386,1.7632,3.0286999999999997,2.64,0.851,2.3003,1.5035,2.5496,2.2685,1.8433,1.9768,2.7065,1.2323,3.1035,1.8882,1.6595,2.3242,1.8560999999999999,1.9318,1.7110999999999998,1.5137,1.2715999999999998,1.3591,0.43019999999999997,1.6147
32,52.096869,5.091875,3.58194899559021,12,21.631302180666957,54.48079441345107,5,0.0,0.0,0.0,0.0,0.0,0.0,0.0,0.0,0.0,0.0,0.0,0.0,0.0,0.0,0.0,0.0,0.0,0.0,0.0,0.0,0.0,0.0,0.0,0.0,0.0,0.0,0.0,0.0,0.0,0.0,0.0,0.0,0.0,2.1671,2.646,4.0698,2.6055,2.2786,3.8827,3.0234,2.0984000000000003,3.6010999999999997,3.4354,2.4871999999999996,0.9105,3.6133,1.4966,3.2306999999999997,3.3578,2.0541,3.4326,1.439,4.1791,2.304,2.4144,1.7967,2.1785,2.7556,3.0096999999999996,3.421,2.8245999999999998,2.139,2.7673,1.1258,2.9732,2.0886,2.766,1.4644000000000001,2.4244,2.4436,1.8035,2.6028000000000002,3.8346999999999998,3.3299000000000003,2.2491,4.0903,2.7583,3.1355,4.1789,4.0123,0.8005,3.1776,2.7643,3.9219,3.5293,2.7207,3.2375,3.5839000000000003,2.4139,4.4464,3.2605999999999997,2.9203,3.6965,3.0113000000000003,3.3041,2.8505,2.886,2.6439,0.6858,1.738,2.8755
33,52.099527,5.096406,1.6711987257003784,8,30.328581310751424,68.31223361091986,5,0.0,0.0,0.0,0.0,0.0,0.0,0.0,0.0,0.0,0.0,0.0,0.0,0.0,0.0,0.0,0.0,0.0,0.0,0.0,0.0,0.0,0.0,0.0,0.0,0.0,0.0,0.0,0.0,0.0,0.0,0.0,0.0,0.0,0.0,2.367,3.9489,3.7389,2.0774,3.6815,3.4509000000000003,0.102,3.4,1.7432,2.2083000000000004,2.0505999999999998,3.4120999999999997,1.2292,3.6581,2.9488000000000003,3.1875,1.7404000000000002,1.8959000000000001,3.6608,2.1028000000000002,0.8677,2.2241999999999997,0.022,3.7662,2.4914,2.4365,2.5473000000000003,2.5665,1.7087999999999999,2.6469,1.5284,1.8875,2.5648,2.5978000000000003,2.2232,2.2424,1.2852000000000001,3.7363000000000004,3.6974,3.1288,2.2388000000000003,3.8891,2.5570999999999997,2.9343000000000004,3.6606,3.8110999999999997,1.8555,3.6050999999999997,2.0696999999999997,3.7208,2.5446999999999997,3.1481,2.3,3.7611999999999997,0.4265,3.9280999999999997,3.0594,2.402,3.4953000000000003,2.7324,3.1029,1.1582999999999999,2.6849000000000003,2.4427,2.3636999999999997,1.3333,2.3571999999999997
34,52.097277,5.123158,5.770308971405029,15,89.19507672213325,160.6715020674706,5,0.0,0.0,0.0,0.0,0.0,0.0,0.0,0.0,0.0,0.0,0.0,0.0,0.0,0.0,0.0,0.0,0.0,0.0,0.0,0.0,0.0,0.0,0.0,0.0,0.0,0.0,0.0,0.0,0.0,0.0,0.0,0.0,0.0,0.0,0.0,1.8977,3.2868000000000004,1.8852,1.8157999999999999,3.1978,2.3907,2.0094000000000003,2.0114,0.15880000000000002,2.3878000000000004,1.7076,1.4445,3.4051,0.7118,2.8918000000000004,2.2015,2.2331,1.5888,0.8146,1.8918,2.1656,2.3353,3.5131,0.3915,1.8655,0.6747000000000001,2.4608000000000003,1.513,2.9840999999999998,1.7187999999999999,1.6953,1.1338,2.7479,1.5026,1.0973,1.0442,3.7201999999999997,1.5717,2.1591,2.0465999999999998,1.8749,2.1419,2.0216,1.7046,2.1066,2.1928,3.0744000000000002,0.8834,1.7066,1.5659,2.8951,1.6819000000000002,3.3461,2.1502,1.8769,1.4494,0.4033,2.0122999999999998,0.3654,2.4625,2.0389,1.3037999999999998,2.0167,2.7009000000000003,1.1568,0.6372000000000001
35,52.098133,5.140831,6.722940921783447,5,25.35682229118259,58.004368603414186,5,0.0,0.0,0.0,0.0,0.0,0.0,0.0,0.0,0.0,0.0,0.0,0.0,0.0,0.0,0.0,0.0,0.0,0.0,0.0,0.0,0.0,0.0,0.0,0.0,0.0,0.0,0.0,0.0,0.0,0.0,0.0,0.0,0.0,0.0,0.0,0.0,4.7256,2.9104,0.8086,3.4388,3.9221,2.2555,2.8493000000000004,2.0684,3.3326,1.0887,2.6687,3.646,1.1816,3.917,2.8841,3.182,1.1807,1.8397999999999999,3.3247,3.1909,3.8667,4.3919,1.7078,2.3718000000000004,1.4609,3.486,2.6071,3.8470999999999997,2.9577,2.7205,1.733,3.7731999999999997,2.477,2.1225,2.6639,4.746,0.5378,2.4151,3.0719000000000003,0.49989999999999996,2.6692,2.4280999999999997,0.4117,1.4909000000000001,3.4706,3.2478000000000002,2.0658000000000003,0.6994,2.1932,4.1448,2.1143,3.5195,3.5831999999999997,0.3941,1.7147000000000001,1.7196,1.9812,1.6089,2.8553,3.2574,1.983,2.4583000000000004,3.8188,2.9171,1.6901
36,52.080254,5.103093,2.1768898963928223,8,38.858518952992995,89.41322440914664,5,0.0,0.0,0.0,0.0,0.0,0.0,0.0,0.0,0.0,0.0,0.0,0.0,0.0,0.0,0.0,0.0,0.0,0.0,0.0,0.0,0.0,0.0,0.0,0.0,0.0,0.0,0.0,0.0,0.0,0.0,0.0,0.0,0.0,0.0,0.0,0.0,0.0,1.9177,4.1591000000000005,1.3300999999999998,3.8571,2.8239,4.6757,3.1435999999999997,1.925,3.6519,2.6132,1.0994000000000002,3.8811,0.5831000000000001,4.672899999999999,2.0494,4.7494,2.5929,3.6546999999999996,1.4892,3.8017,0.2723,3.6548000000000003,4.591600000000001,3.1740999999999997,1.5415999999999999,3.9316,1.8961,4.1373999999999995,1.8651,2.6296,1.1697,2.0862,2.4495,2.9741,0.2501,4.3999,2.7989,2.3310999999999997,4.4707,2.4200999999999997,2.6185,4.9663,3.8165,2.2121,1.4843,3.9349000000000003,4.0934,4.6998999999999995,1.0272999999999999,4.4081,1.6195,3.6542,5.041,2.9224,4.0909,2.7593,3.5173,2.5778000000000003,4.0908,2.6343,2.3057,1.875,2.8615999999999997,4.0461
37,52.090505,5.111354,15.408761024475098,5,44.749408672948874,90.79084283061928,5,0.0,0.0,0.0,0.0,0.0,0.0,0.0,0.0,0.0,0.0,0.0,0.0,0.0,0.0,0.0,0.0,0.0,0.0,0.0,0.0,0.0,0.0,0.0,0.0,0.0,0.0,0.0,0.0,0.0,0.0,0.0,0.0,0.0,0.0,0.0,0.0,0.0,0.0,2.501,1.9799,1.9585,2.0258,2.7148000000000003,1.473,1.2717,2.2316,0.7051000000000001,2.1872,2.2105,1.6357000000000002,2.712,0.9006000000000001,3.0788,0.9223,1.7561,0.9095,1.903,2.2952,1.9842,2.6835,1.5035,1.2428,2.0234,1.7862,2.2293000000000003,0.6279,1.3924,1.4918,0.8491000000000001,1.0619,1.066,2.5021999999999998,2.453,1.7546,0.7744,2.7086,1.1829,1.5602,3.0194,2.6306,1.3091,2.1341,2.0267,2.5403000000000002,2.7916999999999996,1.6770999999999998,2.5,2.3870999999999998,1.7555999999999998,3.0941,1.6852,2.1826999999999996,2.1212,1.8467,1.7287000000000001,2.2343,1.3971,1.0686,1.7579,0.9535,2.138
38,52.092464,5.138532,6.311156749725342,13,1.9359965971584514,44.34768919435492,5,0.0,0.0,0.0,0.0,0.0,0.0,0.0,0.0,0.0,0.0,0.0,0.0,0.0,0.0,0.0,0.0,0.0,0.0,0.0,0.0,0.0,0.0,0.0,0.0,0.0,0.0,0.0,0.0,0.0,0.0,0.0,0.0,0.0,0.0,0.0,0.0,0.0,0.0,0.0,2.8731,3.7469,1.6898,3.4337,2.0255,3.1574,0.4461,2.4935,3.0804,1.4265,3.7418,3.4253,3.0067,1.7955999999999999,1.5779,3.5738000000000003,3.0156,3.6915,3.8261999999999996,1.9450999999999998,2.9865999999999997,1.4864000000000002,3.1281999999999996,3.2765999999999997,3.6719,3.6271999999999998,2.3415,1.4071,3.598,1.9749,1.7628,2.7262,4.1804,0.5632999999999999,2.0079000000000002,2.9653,0.5928,2.1671,2.3303000000000003,1.1296,0.9003,3.2954,2.6822,2.7353,0.1092,2.808,3.5791999999999997,2.7546999999999997,2.9539,3.544,1.1398,1.2127000000000001,1.9567999999999999,1.4155,1.6122999999999998,2.2897,3.7208,1.4809,1.9563,3.6435999999999997,2.7419000000000002,2.3596
39,52.078034,5.114887,3.266226291656494,15,13.69338816153216,58.13823112515744,5,0.0,0.0,0.0,0.0,0.0,0.0,0.0,0.0,0.0,0.0,0.0,0.0,0.0,0.0,0.0,0.0,0.0,0.0,0.0,0.0,0.0,0.0,0.0,0.0,0.0,0.0,0.0,0.0,0.0,0.0,0.0,0.0,0.0,0.0,0.0,0.0,0.0,0.0,0.0,0.0,3.8519,1.5628,4.6082,3.1289000000000002,2.2558000000000002,2.3908,2.5985,0.2359,3.5494,1.6479000000000001,4.6053999999999995,1.8847,4.3712,2.5782,3.6496,1.6714,3.7965,0.9608,3.7729,4.576899999999999,2.9158000000000004,1.5269000000000001,3.9169,2.8649,4.1227,1.8504,2.3744,2.1385,1.9363,2.2573000000000003,2.9594,1.3149000000000002,3.1389,1.5379,2.3164000000000002,3.2096,1.3195999999999999,1.3575,3.7051999999999996,2.5554,2.2931999999999997,0.41869999999999996,3.9202,2.8324000000000003,4.6852,0.8631,4.3934,0.4258,3.649,3.78,2.0998,3.7845999999999997,1.4983,3.2921,1.3168,4.127800000000001,2.1881,1.3322,2.742,2.8469,4.0314
40,52.100006,5.095691,2.1622259616851807,5,99.20495392279746,137.19904445204662,5,0.0,0.0,0.0,0.0,0.0,0.0,0.0,0.0,0.0,0.0,0.0,0.0,0.0,0.0,0.0,0.0,0.0,0.0,0.0,0.0,0.0,0.0,0.0,0.0,0.0,0.0,0.0,0.0,0.0,0.0,0.0,0.0,0.0,0.0,0.0,0.0,0.0,0.0,0.0,0.0,0.0,3.4773,1.8102,2.2856,2.128,3.4895,1.3066,3.7355,3.0262,3.2649,1.8074000000000001,1.9733,3.7382,2.1801999999999997,0.9346,2.3015,0.08,3.8435,2.5686999999999998,2.5035,2.6247,2.6438,1.7758,2.7243000000000004,1.5954000000000002,1.9647999999999999,2.6421,2.6752,2.3005999999999998,2.3198000000000003,1.3625999999999998,3.8136,3.7748000000000004,3.2060999999999997,2.3162,3.9664,2.6345,3.0117,3.7379000000000002,3.8885,1.9329,3.6824,2.1366,3.7981,2.6117,3.2255,2.367,3.8386,0.4935,4.0055,3.1367,2.4793000000000003,3.5726999999999998,2.8098,3.1803000000000003,1.2253,2.7622,2.5201,2.4411,1.4107,2.4346
41,52.083935,5.127052,7.798111438751221,5,0.020722166797759733,74.89959355622187,5,0.0,0.0,0.0,0.0,0.0,0.0,0.0,0.0,0.0,0.0,0.0,0.0,0.0,0.0,0.0,0.0,0.0,0.0,0.0,0.0,0.0,0.0,0.0,0.0,0.0,0.0,0.0,0.0,0.0,0.0,0.0,0.0,0.0,0.0,0.0,0.0,0.0,0.0,0.0,0.0,0.0,0.0,3.5918,1.8160999999999998,3.1229,1.1669,2.2786999999999997,1.7294,2.3048,3.1624,3.589,2.7518000000000002,3.1473,1.3678,3.3297,2.558,3.4766999999999997,2.4753000000000003,2.4218,3.4804,1.5648,2.4135,2.9004000000000003,3.6374,3.1062,1.6268,1.0232999999999999,3.3430999999999997,1.2602,1.2389000000000001,2.6395999999999997,2.8294,1.9149,0.49710000000000004,2.2506,1.9857,1.4912,0.5315,2.4813,1.3315,3.0806,1.3312,2.4983,1.6084,3.3194,2.2281999999999997,3.2968,1.6029,3.3291999999999997,2.556,0.7052999999999999,2.4335999999999998,0.2743,1.941,0.5647000000000001,3.4413,0.837,1.0511,3.6090999999999998,2.5271,2.3621999999999996
42,52.10906,5.111418,3.1862921714782715,8,18.950849666233815,53.31318041656542,5,0.0,0.0,0.0,0.0,0.0,0.0,0.0,0.0,0.0,0.0,0.0,0.0,0.0,0.0,0.0,0.0,0.0,0.0,0.0,0.0,0.0,0.0,0.0,0.0,0.0,0.0,0.0,0.0,0.0,0.0,0.0,0.0,0.0,0.0,0.0,0.0,0.0,0.0,0.0,0.0,0.0,0.0,0.0,2.012,2.9885,3.6833,1.978,4.596,2.2521999999999998,4.1254,0.26189999999999997,2.8338,2.2701,2.1483000000000003,0.9692000000000001,3.162,1.6982000000000002,4.704,1.9144,0.958,2.4240999999999997,3.5043,0.7188,3.5848,0.4235,2.8253000000000004,2.6151,3.5357,2.5896,2.361,1.5777,4.6741,2.8295,3.4398,3.1767,3.2778,3.495,3.3146999999999998,2.5848,4.0823,2.7934,4.5428999999999995,1.3334000000000001,3.3294,1.0662,4.086,0.8215,4.6991000000000005,1.2275999999999998,2.7571999999999997,3.1001999999999996,1.825,3.5362,2.4285,3.5495,0.5807,2.7352,3.3806,3.3016,1.6902000000000001,1.5272999999999999
43,52.097542,5.121118,5.62184476852417,10,15.581206014074422,87.83868625313382,5,0.0,0.0,0.0,0.0,0.0,0.0,0.0,0.0,0.0,0.0,0.0,0.0,0.0,0.0,0.0,0.0,0.0,0.0,0.0,0.0,0.0,0.0,0.0,0.0,0.0,0.0,0.0,0.0,0.0,0.0,0.0,0.0,0.0,0.0,0.0,0.0,0.0,0.0,0.0,0.0,0.0,0.0,0.0,0.0,2.229,1.7751,1.2857,3.2463,0.8706,2.733,2.0428,2.0744000000000002,1.7475999999999998,0.6557999999999999,1.733,2.0068,2.1765,3.3543000000000003,0.5502999999999999,1.7067,0.5159,2.302,1.3542,2.8254,1.56,1.5365,1.0249000000000001,2.5892,1.3437999999999999,0.9385,0.8855,3.5614,1.7305,2.0002999999999997,1.8878,2.0337,1.9830999999999999,1.8628,1.8634000000000002,2.1740999999999997,2.034,2.9156,0.7246,1.8654000000000002,1.5457,2.7363000000000004,1.5232,3.1873,1.9914,2.0357,1.4407999999999999,0.5621,1.9765,0.5241,2.3036999999999996,1.8800999999999999,1.145,1.8579,2.5422,0.998,0.5885
44,52.092012,5.09881,2.973330497741699,14,19.565034345873688,91.40377473018927,5,0.0,0.0,0.0,0.0,0.0,0.0,0.0,0.0,0.0,0.0,0.0,0.0,0.0,0.0,0.0,0.0,0.0,0.0,0.0,0.0,0.0,0.0,0.0,0.0,0.0,0.0,0.0,0.0,0.0,0.0,0.0,0.0,0.0,0.0,0.0,0.0,0.0,0.0,0.0,0.0,0.0,0.0,0.0,0.0,0.0,3.1077,1.0428,2.3365,3.0865,1.3736,2.9788,0.4724,3.7253000000000003,1.7984,1.9606,0.9415,2.1075,2.0751,2.5559000000000003,2.9671999999999996,2.3795,1.2449000000000001,2.3135,0.6992,2.5193000000000003,1.5595999999999999,2.2603,0.7838999999999999,1.8954000000000002,1.938,1.3497000000000001,1.9223,3.3291,2.8009,1.5084000000000002,3.5846,2.2293000000000003,2.6065,3.8954,3.5067,0.31339999999999996,2.2835,2.3105,3.4163,3.0755,1.8265,2.7836999999999996,2.6896999999999998,1.9601,3.9701999999999997,2.7315,2.4664,3.1675,2.7226999999999997,2.7751,2.3966999999999996,2.3804000000000003,2.1149,0.4471,1.2842,2.4217
45,52.090246,5.136104,5.313650131225586,14,93.13486360032236,149.4893683305661,5,0.0,0.0,0.0,0.0,0.0,0.0,0.0,0.0,0.0,0.0,0.0,0.0,0.0,0.0,0.0,0.0,0.0,0.0,0.0,0.0,0.0,0.0,0.0,0.0,0.0,0.0,0.0,0.0,0.0,0.0,0.0,0.0,0.0,0.0,0.0,0.0,0.0,0.0,0.0,0.0,0.0,0.0,0.0,0.0,0.0,0.0,2.2241,2.5730999999999997,1.7067,4.0061,3.5298000000000003,2.7374,2.0757,1.3086,3.235,2.7463,3.4221,3.3189,1.974,3.2666999999999997,1.3062,2.8588,2.8411999999999997,3.4025,3.047,2.0721999999999996,1.1378,3.3286,1.7056,1.4934,2.3875,3.6731,0.8433999999999999,1.5007000000000001,2.6959,0.8729,2.3349,1.8231,1.4097,0.5728,3.026,2.1749,2.4194,0.38930000000000003,3.0881,3.0719000000000003,3.0348,2.4466,3.2746999999999997,1.4199000000000002,0.9434,1.9857,0.9082,1.4932,1.7824,3.3821,1.2116,1.6869,3.3741999999999996,2.4725,2.2196
46,52.095425,5.109632,3.5708699226379395,13,19.89926792818534,83.77728033665068,5,0.0,0.0,0.0,0.0,0.0,0.0,0.0,0.0,0.0,0.0,0.0,0.0,0.0,0.0,0.0,0.0,0.0,0.0,0.0,0.0,0.0,0.0,0.0,0.0,0.0,0.0,0.0,0.0,0.0,0.0,0.0,0.0,0.0,0.0,0.0,0.0,0.0,0.0,0.0,0.0,0.0,0.0,0.0,0.0,0.0,0.0,0.0,2.5351999999999997,1.9079000000000002,2.1735,2.0465999999999998,0.8819,2.7762,0.9614,1.0907,1.1012,1.2377,2.6431999999999998,1.6067,2.0181,1.3747,1.4435,1.358,1.6329,1.5639,0.7461,1.4234,1.5837999999999999,1.0817999999999999,1.101,0.4006,2.3594,2.8128,1.9874,1.0974000000000002,2.8345,1.4157,1.793,2.776,2.6696999999999997,0.8416,2.4821,1.3614000000000002,2.6662,2.1264000000000003,2.0252,1.8346,2.6198,1.0902,3.0435,1.918,1.5172999999999999,2.3539,1.5614000000000001,1.9615,1.5689000000000002,1.5435,1.3013,1.3497000000000001,0.2881,1.4726
47,52.077261,5.112568,4.079906463623047,7,87.61018838084522,154.49086905349833,5,0.0,0.0,0.0,0.0,0.0,0.0,0.0,0.0,0.0,0.0,0.0,0.0,0.0,0.0,0.0,0.0,0.0,0.0,0.0,0.0,0.0,0.0,0.0,0.0,0.0,0.0,0.0,0.0,0.0,0.0,0.0,0.0,0.0,0.0,0.0,0.0,0.0,0.0,0.0,0.0,0.0,0.0,0.0,0.0,0.0,0.0,0.0,0.0,3.7071,1.5227,4.7631000000000006,2.0424,4.528899999999999,2.7359,3.8072,1.8291,3.9541999999999997,0.8471000000000001,3.9305,4.7346,3.0735,1.6845999999999999,4.0746,2.6218000000000004,4.280399999999999,2.0080999999999998,2.5321,1.8954000000000002,2.094,2.415,3.1170999999999998,1.1897,3.2965999999999998,1.6955,2.4741,3.3673,1.4773,1.5151,3.8629000000000002,2.7131,2.4509000000000003,0.5764,4.0779000000000005,2.9901,4.842899999999999,1.0208,4.5511,0.5201,3.8066999999999998,3.9377,2.2575,3.9423000000000004,1.656,3.4498,1.4745,4.2855,2.3457,1.4899,2.6007,3.0046,4.189100000000001
48,52.100011,5.130649,4.0806427001953125,7,68.47622709453981,105.21287360278862,5,0.0,0.0,0.0,0.0,0.0,0.0,0.0,0.0,0.0,0.0,0.0,0.0,0.0,0.0,0.0,0.0,0.0,0.0,0.0,0.0,0.0,0.0,0.0,0.0,0.0,0.0,0.0,0.0,0.0,0.0,0.0,0.0,0.0,0.0,0.0,0.0,0.0,0.0,0.0,0.0,0.0,0.0,0.0,0.0,0.0,0.0,0.0,0.0,0.0,3.4659,2.2173000000000003,2.7308000000000003,1.1317000000000002,1.3887,2.6035999999999997,2.7397,3.0471,4.0872,0.6193,1.8179,1.0098,3.0349,2.0686999999999998,3.3959,2.0816999999999997,2.2694,1.2687,3.3221,2.0766999999999998,1.6714,1.7561,4.2943,0.8633,2.3833,2.6207,1.4362000000000001,2.716,2.3962,0.9885,2.2828000000000004,2.9046,3.3135,1.5274,1.3632,1.6393,3.4692,1.5467,3.5852,2.862,1.1608,1.4839,0.6311,2.0468,0.4111,2.921,2.7506999999999997,1.5279,2.396,3.4126999999999996,1.8685999999999998,0.8649
49,52.083553,5.098614,5.128890514373779,9,36.20625207291138,112.32263506815319,5,0.0,0.0,0.0,0.0,0.0,0.0,0.0,0.0,0.0,0.0,0.0,0.0,0.0,0.0,0.0,0.0,0.0,0.0,0.0,0.0,0.0,0.0,0.0,0.0,0.0,0.0,0.0,0.0,0.0,0.0,0.0,0.0,0.0,0.0,0.0,0.0,0.0,0.0,0.0,0.0,0.0,0.0,0.0,0.0,0.0,0.0,0.0,0.0,0.0,0.0,4.1197,1.4961,4.3023,2.1458000000000004,3.1015,0.7587,3.2484,0.6912999999999999,3.2076,3.9069000000000003,2.7269,1.4119000000000002,3.4544,1.3429,3.6601999999999997,1.9071,2.6471999999999998,0.6164,2.1039,2.2854,2.2894,0.5385,3.6765,3.0094000000000003,1.7116,3.932,2.4377,2.9883,4.2428,4.1861999999999995,1.6588,1.854,3.2502,3.7636999999999996,4.0152,1.3971,3.7234000000000003,1.9924000000000002,3.101,4.3176000000000005,2.94,3.4061,3.1290999999999998,3.0702,2.9476,3.5376,2.6519,2.3233,1.3217999999999999,2.1769000000000003,3.3614
50,52.107371,5.112268,1.509683609008789,7,41.56913458821941,121.47639102375086,5,0.0,0.0,0.0,0.0,0.0,0.0,0.0,0.0,0.0,0.0,0.0,0.0,0.0,0.0,0.0,0.0,0.0,0.0,0.0,0.0,0.0,0.0,0.0,0.0,0.0,0.0,0.0,0.0,0.0,0.0,0.0,0.0,0.0,0.0,0.0,0.0,0.0,0.0,0.0,0.0,0.0,0.0,0.0,0.0,0.0,0.0,0.0,0.0,0.0,0.0,0.0,2.9232,2.2673,2.1738000000000004,1.0586,3.2514000000000003,1.7875,4.793399999999999,1.8147,0.9552,2.3244000000000002,3.5936999999999997,0.8082,3.6742,0.5129,2.9147,2.6406,3.6250999999999998,2.679,2.3681,1.6670999999999998,4.7635,2.8266999999999998,3.5292,3.2661,3.275,3.5843000000000003,3.4041,2.582,3.9825999999999997,2.8828,4.6323,1.2337,3.3266,1.0635,4.1754,0.8187000000000001,4.7885,1.317,2.7544,3.2493000000000003,1.7253,3.5616999999999996,2.3288,3.6389,0.67,2.7607,3.47,3.391,1.7795999999999998,1.5245
51,52.090658,5.103602,3.9676108360290527,14,49.55697504876111,123.79215517341285,5,0.0,0.0,0.0,0.0,0.0,0.0,0.0,0.0,0.0,0.0,0.0,0.0,0.0,0.0,0.0,0.0,0.0,0.0,0.0,0.0,0.0,0.0,0.0,0.0,0.0,0.0,0.0,0.0,0.0,0.0,0.0,0.0,0.0,0.0,0.0,0.0,0.0,0.0,0.0,0.0,0.0,0.0,0.0,0.0,0.0,0.0,0.0,0.0,0.0,0.0,0.0,0.0,3.5685,1.424,1.8037999999999998,0.5618,1.9507,2.1995,2.399,2.8104,2.0051,0.8705,2.1567,0.9869,2.3625,1.1852,1.8859000000000001,0.9083,1.521,1.5635999999999999,1.1929,2.0467,2.9547,2.4265,1.134,3.2102,1.8549,2.2321,3.521,3.1323000000000003,0.5098,1.9091,2.1536999999999997,3.0419,2.9186,1.4521,2.6269,2.3153,1.8032000000000001,3.5957,2.3571,2.3096,2.7931,2.3483,2.4006999999999996,2.2399,2.006,1.7405,0.9586,1.1273,2.2649
52,52.105743,5.134855,3.8429975509643555,6,76.62065307219382,116.67434519913164,5,0.0,0.0,0.0,0.0,0.0,0.0,0.0,0.0,0.0,0.0,0.0,0.0,0.0,0.0,0.0,0.0,0.0,0.0,0.0,0.0,0.0,0.0,0.0,0.0,0.0,0.0,0.0,0.0,0.0,0.0,0.0,0.0,0.0,0.0,0.0,0.0,0.0,0.0,0.0,0.0,0.0,0.0,0.0,0.0,0.0,0.0,0.0,0.0,0.0,0.0,0.0,0.0,0.0,2.4947,3.2854,3.8457,3.673,5.3085,1.616,1.4521,2.1158,4.140899999999999,2.1491,4.321899999999999,2.7398000000000002,3.3754,2.3906,4.2726999999999995,3.1826999999999996,2.7774,2.382,5.4003000000000005,1.2350999999999999,3.3318000000000003,3.7266999999999997,1.6834,3.5858000000000003,3.3447,0.9904,2.6743,3.5305,4.1644,1.7839,1.735,1.2735999999999998,4.5752,1.5952,4.436100000000001,3.5439000000000003,1.1627,2.6314,1.6576,2.8978,1.5171,3.772,2.8969,2.6102,3.375,4.0386,2.4945,1.4237
53,52.093524,5.119944,10.238417625427246,6,58.07824471966278,107.89252548284855,5,0.0,0.0,0.0,0.0,0.0,0.0,0.0,0.0,0.0,0.0,0.0,0.0,0.0,0.0,0.0,0.0,0.0,0.0,0.0,0.0,0.0,0.0,0.0,0.0,0.0,0.0,0.0,0.0,0.0,0.0,0.0,0.0,0.0,0.0,0.0,0.0,0.0,0.0,0.0,0.0,0.0,0.0,0.0,0.0,0.0,0.0,0.0,0.0,0.0,0.0,0.0,0.0,0.0,0.0,1.9265,1.4377,2.1136,2.7378,1.1369,2.0126,0.6562,1.78,1.5326,2.0939,1.7385,0.9673999999999999,0.5271,2.02,0.7273,0.30789999999999995,1.0789000000000002,2.696,1.6058,1.5025,1.3187,1.8613,1.3665999999999998,1.2322,2.1721,1.7735,1.7174,2.2990999999999997,1.3079,1.5780999999999998,2.1209000000000002,2.1198,1.8291,2.5708,1.9661,2.2468000000000004,1.0122,1.1485999999999998,1.4482000000000002,0.9994,1.7163,2.0735,0.6472,1.2705,2.0656,1.164,1.1718
54,52.102656,5.105613,4.612504482269287,8,17.544566926250702,92.96254725059916,5,0.0,0.0,0.0,0.0,0.0,0.0,0.0,0.0,0.0,0.0,0.0,0.0,0.0,0.0,0.0,0.0,0.0,0.0,0.0,0.0,0.0,0.0,0.0,0.0,0.0,0.0,0.0,0.0,0.0,0.0,0.0,0.0,0.0,0.0,0.0,0.0,0.0,0.0,0.0,0.0,0.0,0.0,0.0,0.0,0.0,0.0,0.0,0.0,0.0,0.0,0.0,0.0,0.0,0.0,0.0,2.1924,0.8882000000000001,3.7344,1.6953,1.7143,1.9472,2.5347,0.9866,2.6151999999999997,0.8062,1.8557000000000001,2.2263,2.5661,2.1915,1.9721,0.8138,3.7045,2.8355,3.097,2.2071,3.4071,2.5254000000000003,2.9026,2.8645,3.6055,1.8237999999999999,3.5733,1.2494,3.2388000000000003,1.8225,3.1164,1.5777999999999999,3.7295,0.4176,3.1321,2.7114000000000003,1.6059,3.1473,2.1323000000000003,3.0711999999999997,0.43610000000000004,2.3463000000000003,2.411,2.332,0.9262999999999999,1.5612000000000001
55,52.088406,5.103099,8.632808685302734,10,42.711614701183954,111.96497917146942,5,0.0,0.0,0.0,0.0,0.0,0.0,0.0,0.0,0.0,0.0,0.0,0.0,0.0,0.0,0.0,0.0,0.0,0.0,0.0,0.0,0.0,0.0,0.0,0.0,0.0,0.0,0.0,0.0,0.0,0.0,0.0,0.0,0.0,0.0,0.0,0.0,0.0,0.0,0.0,0.0,0.0,0.0,0.0,0.0,0.0,0.0,0.0,0.0,0.0,0.0,0.0,0.0,0.0,0.0,0.0,0.0,2.2207,1.4567999999999999,2.5040999999999998,3.2034000000000002,2.0234,0.6532,2.5433000000000003,1.4230999999999998,2.7491,1.2035,1.8885,0.7704,1.3452,1.5817999999999999,1.5859,1.304,2.9729,2.2506999999999997,0.9529,3.2285,1.6790999999999998,2.0563000000000002,3.5391999999999997,3.1505,0.946,1.6918,2.5465999999999998,3.0602,3.3116,1.2349,3.0199000000000003,2.0981,2.0732,3.614,2.1814,2.7026,2.6173,2.3666,2.2249,2.5098000000000003,1.8933,1.5647,1.3948,1.4733,2.6579
56,52.099504,5.096182,1.8081023693084717,5,2.5781366295708374,53.746111426134895,5,0.0,0.0,0.0,0.0,0.0,0.0,0.0,0.0,0.0,0.0,0.0,0.0,0.0,0.0,0.0,0.0,0.0,0.0,0.0,0.0,0.0,0.0,0.0,0.0,0.0,0.0,0.0,0.0,0.0,0.0,0.0,0.0,0.0,0.0,0.0,0.0,0.0,0.0,0.0,0.0,0.0,0.0,0.0,0.0,0.0,0.0,0.0,0.0,0.0,0.0,0.0,0.0,0.0,0.0,0.0,0.0,0.0,3.7881,2.5133,2.4584,2.5693,2.5884,1.7308,2.6689000000000003,1.5504,1.9094,2.5867,2.6198,2.2451999999999996,2.2644,1.3072000000000001,3.7582,3.7194000000000003,3.1506999999999996,2.2608,3.911,2.5791,2.9563,3.6826,3.8331,1.8775,3.627,2.0916,3.7426999999999997,2.5667,3.1700999999999997,2.3219000000000003,3.7832,0.4485,3.9501,3.0813,2.4239,3.5173,2.7544,3.1249000000000002,1.1803,2.7068000000000003,2.4646999999999997,2.3857,1.3553,2.3792
57,52.078259,5.103444,3.184418201446533,14,58.98244330591782,118.42879968460959,5,0.0,0.0,0.0,0.0,0.0,0.0,0.0,0.0,0.0,0.0,0.0,0.0,0.0,0.0,0.0,0.0,0.0,0.0,0.0,0.0,0.0,0.0,0.0,0.0,0.0,0.0,0.0,0.0,0.0,0.0,0.0,0.0,0.0,0.0,0.0,0.0,0.0,0.0,0.0,0.0,0.0,0.0,0.0,0.0,0.0,0.0,0.0,0.0,0.0,0.0,0.0,0.0,0.0,0.0,0.0,0.0,0.0,0.0,3.881,4.8179,3.4003,1.7679,4.1578,2.0342000000000002,4.3637,2.0913000000000004,2.8558000000000003,1.3077,2.3125,2.6758,3.2004,0.3583,4.2005,2.5994,2.5574,4.271199999999999,2.6464000000000003,2.419,4.7668,3.617,2.3501,1.3048,4.1612,3.894,4.9262,1.2535999999999998,4.634399999999999,1.5027000000000001,3.7923,4.841600000000001,3.1487,4.3171,2.5599000000000003,3.7436,2.3784,4.228899999999999,2.8606,2.532,2.0131,3.0879000000000003,4.272399999999999
58,52.099928,5.123919,4.113961696624756,15,82.10633327860776,135.465755502395,5,0.0,0.0,0.0,0.0,0.0,0.0,0.0,0.0,0.0,0.0,0.0,0.0,0.0,0.0,0.0,0.0,0.0,0.0,0.0,0.0,0.0,0.0,0.0,0.0,0.0,0.0,0.0,0.0,0.0,0.0,0.0,0.0,0.0,0.0,0.0,0.0,0.0,0.0,0.0,0.0,0.0,0.0,0.0,0.0,0.0,0.0,0.0,0.0,0.0,0.0,0.0,0.0,0.0,0.0,0.0,0.0,0.0,0.0,0.0,1.3954000000000002,1.1013,2.7896,1.3388,3.2032,1.5002,2.0241,1.3602,3.1541,1.8314000000000001,1.4261,1.2632999999999999,4.049,1.3679000000000001,2.4748,2.3754,1.9407999999999999,2.4707,2.4877,1.5008,2.333,2.4118000000000004,3.5053,0.6083,1.933,1.252,3.2239,1.2119000000000002,3.777,2.1531,1.6730999999999998,1.6757,0.08940000000000001,2.2386999999999997,0.5917,2.7913,2.0418,1.6194000000000002,2.3455,2.92,1.3758,0.32330000000000003
59,52.10783,5.120115,2.841733694076538,10,61.4664128710234,106.93943241351178,5,0.0,0.0,0.0,0.0,0.0,0.0,0.0,0.0,0.0,0.0,0.0,0.0,0.0,0.0,0.0,0.0,0.0,0.0,0.0,0.0,0.0,0.0,0.0,0.0,0.0,0.0,0.0,0.0,0.0,0.0,0.0,0.0,0.0,0.0,0.0,0.0,0.0,0.0,0.0,0.0,0.0,0.0,0.0,0.0,0.0,0.0,0.0,0.0,0.0,0.0,0.0,0.0,0.0,0.0,0.0,0.0,0.0,0.0,0.0,0.0,2.1565,3.3947,0.9369,3.5576999999999996,0.9906,2.7157,2.4728000000000003,3.5085,2.557,2.2001999999999997,1.6178,4.647,2.3704,3.2497,3.067,2.8186999999999998,3.3853,3.1245,2.1256999999999997,3.8096,2.7663,4.4333,0.8375,2.8703000000000003,0.17859999999999998,3.9764,0.2134,4.5895,2.0192,2.298,3.0321,1.3059,3.5951,1.9594,3.5169,1.3722,2.5929,3.2709,3.2744,1.7303,1.0720999999999998
60,52.096457,5.125149,6.497294902801514,8,77.46688048283228,147.80895440227116,5,0.0,0.0,0.0,0.0,0.0,0.0,0.0,0.0,0.0,0.0,0.0,0.0,0.0,0.0,0.0,0.0,0.0,0.0,0.0,0.0,0.0,0.0,0.0,0.0,0.0,0.0,0.0,0.0,0.0,0.0,0.0,0.0,0.0,0.0,0.0,0.0,0.0,0.0,0.0,0.0,0.0,0.0,0.0,0.0,0.0,0.0,0.0,0.0,0.0,0.0,0.0,0.0,0.0,0.0,0.0,0.0,0.0,0.0,0.0,0.0,0.0,2.3024,1.7975999999999999,2.6635,2.0034,1.5369000000000002,0.6602,2.5896,1.3443,0.9389,1.2624000000000002,3.5618000000000003,1.2268,1.752,1.8882,1.4824000000000002,1.9835999999999998,1.7649000000000001,1.7932000000000001,1.6807999999999998,2.287,2.7545,1.1679000000000002,1.3140999999999998,1.9890999999999999,2.7367,1.9665,3.0262,2.3683,1.8679000000000001,0.9474,1.0087000000000002,1.4832,0.6205,2.2116,2.257,0.8966000000000001,1.7658,2.6351999999999998,1.2190999999999999,1.0319
61,52.085912,5.106352,3.333873748779297,6,77.10049606479734,124.10136891777601,5,0.0,0.0,0.0,0.0,0.0,0.0,0.0,0.0,0.0,0.0,0.0,0.0,0.0,0.0,0.0,0.0,0.0,0.0,0.0,0.0,0.0,0.0,0.0,0.0,0.0,0.0,0.0,0.0,0.0,0.0,0.0,0.0,0.0,0.0,0.0,0.0,0.0,0.0,0.0,0.0,0.0,0.0,0.0,0.0,0.0,0.0,0.0,0.0,0.0,0.0,0.0,0.0,0.0,0.0,0.0,0.0,0.0,0.0,0.0,0.0,0.0,0.0,2.8762,1.7561,3.0821,0.9833999999999999,1.7479,1.4617,1.2046,1.5679,1.9188,1.9194,3.3059000000000003,2.1101,1.2459,3.5614,1.5385,1.9157,3.8722,3.2165,1.2789000000000001,1.5512000000000001,2.8796,3.0212,3.6446,1.0943,3.3528000000000002,1.9575,2.4061,3.947,2.0407,3.0355,2.4766999999999997,2.6995999999999998,2.0843000000000003,2.8428,1.7526,1.4241,1.7278,1.8063,2.9908
62,52.104161,5.111641,2.5865962505340576,14,41.026996170926076,72.54873786171214,5,0.0,0.0,0.0,0.0,0.0,0.0,0.0,0.0,0.0,0.0,0.0,0.0,0.0,0.0,0.0,0.0,0.0,0.0,0.0,0.0,0.0,0.0,0.0,0.0,0.0,0.0,0.0,0.0,0.0,0.0,0.0,0.0,0.0,0.0,0.0,0.0,0.0,0.0,0.0,0.0,0.0,0.0,0.0,0.0,0.0,0.0,0.0,0.0,0.0,0.0,0.0,0.0,0.0,0.0,0.0,0.0,0.0,0.0,0.0,0.0,0.0,0.0,0.0,2.8975999999999997,0.30460000000000004,2.0556,1.9950999999999999,2.8485,1.9696,1.7409000000000001,0.9577,3.9869,2.5876,2.8198000000000003,2.4322,3.0987,2.7251999999999996,2.6946999999999997,2.3105,3.4652,2.1062,3.7731999999999997,0.7162999999999999,3.0985,1.0812,3.3163,0.7894,3.9294000000000002,1.2645,2.578,2.4802,1.2079000000000002,2.9162,1.8114000000000001,2.9295,0.6176,2.1151999999999997,2.6109,2.6144000000000003,1.0702,1.0071
63,52.089184,5.092964,2.369945764541626,7,73.92298166099037,145.96741333775003,5,0.0,0.0,0.0,0.0,0.0,0.0,0.0,0.0,0.0,0.0,0.0,0.0,0.0,0.0,0.0,0.0,0.0,0.0,0.0,0.0,0.0,0.0,0.0,0.0,0.0,0.0,0.0,0.0,0.0,0.0,0.0,0.0,0.0,0.0,0.0,0.0,0.0,0.0,0.0,0.0,0.0,0.0,0.0,0.0,0.0,0.0,0.0,0.0,0.0,0.0,0.0,0.0,0.0,0.0,0.0,0.0,0.0,0.0,0.0,0.0,0.0,0.0,0.0,0.0,3.1135,2.0741,2.7748000000000004,0.677,2.4099,2.4524,1.9439000000000002,1.8934000000000002,3.8435,3.3154,2.0229,4.0991,2.7437,3.121,4.4098999999999995,4.0211,0.9851,2.7979000000000003,2.9046999999999996,3.9308,3.6696999999999997,2.341,3.3779,3.2041999999999997,2.5542,4.4846,3.246,3.0606,3.682,3.2371999999999996,3.2895,2.9909,2.8949000000000003,2.6294,0.4749,1.8782999999999999,3.0159000000000002
64,52.105929,5.110265,2.8044705390930176,13,95.24145906244674,143.5161001424006,5,0.0,0.0,0.0,0.0,0.0,0.0,0.0,0.0,0.0,0.0,0.0,0.0,0.0,0.0,0.0,0.0,0.0,0.0,0.0,0.0,0.0,0.0,0.0,0.0,0.0,0.0,0.0,0.0,0.0,0.0,0.0,0.0,0.0,0.0,0.0,0.0,0.0,0.0,0.0,0.0,0.0,0.0,0.0,0.0,0.0,0.0,0.0,0.0,0.0,0.0,0.0,0.0,0.0,0.0,0.0,0.0,0.0,0.0,0.0,0.0,0.0,0.0,0.0,0.0,0.0,2.2615,2.2009000000000003,3.0543,2.1755,1.9467999999999999,1.1635,4.192699999999999,2.7905,3.0256,2.638,3.4951999999999996,2.9311,2.9005,2.8022,3.6681,2.312,3.9791,0.9192,3.3014,1.2835999999999999,3.5221,1.0389000000000002,4.1352,1.0842,2.9745999999999997,2.686,1.4108,3.122,2.0143,3.1354,0.4372,2.321,2.8167,2.8202,1.276,1.3660999999999999
65,52.089817,5.113548,14.646549224853516,14,60.60816448214232,108.5559978904657,5,0.0,0.0,0.0,0.0,0.0,0.0,0.0,0.0,0.0,0.0,0.0,0.0,0.0,0.0,0.0,0.0,0.0,0.0,0.0,0.0,0.0,0.0,0.0,0.0,0.0,0.0,0.0,0.0,0.0,0.0,0.0,0.0,0.0,0.0,0.0,0.0,0.0,0.0,0.0,0.0,0.0,0.0,0.0,0.0,0.0,0.0,0.0,0.0,0.0,0.0,0.0,0.0,0.0,0.0,0.0,0.0,0.0,0.0,0.0,0.0,0.0,0.0,0.0,0.0,0.0,0.0,0.9429,1.8080999999999998,0.3996,0.7629,1.1012,2.3116999999999996,2.4883,1.3051,0.6641,2.7438000000000002,0.7333999999999999,1.1107,3.0545999999999998,2.4115,1.5420999999999998,1.6659000000000002,2.062,2.2161999999999997,2.827,1.4866,2.5351999999999997,1.9376,1.7908,3.1294,1.2357,2.2179,1.6717,1.8819000000000001,1.2792000000000001,2.2695,0.9476,0.619,2.0742,0.9887,2.1732
66,52.091453,5.124829,9.202557563781738,5,40.14232397597692,98.4333315267531,5,0.0,0.0,0.0,0.0,0.0,0.0,0.0,0.0,0.0,0.0,0.0,0.0,0.0,0.0,0.0,0.0,0.0,0.0,0.0,0.0,0.0,0.0,0.0,0.0,0.0,0.0,0.0,0.0,0.0,0.0,0.0,0.0,0.0,0.0,0.0,0.0,0.0,0.0,0.0,0.0,0.0,0.0,0.0,0.0,0.0,0.0,0.0,0.0,0.0,0.0,0.0,0.0,0.0,0.0,0.0,0.0,0.0,0.0,0.0,0.0,0.0,0.0,0.0,0.0,0.0,0.0,0.0,2.6775,0.7012999999999999,0.4642,1.6254000000000002,3.0073000000000003,1.4295,1.1775,1.585,1.685,1.4022000000000001,1.1904000000000001,1.9958,1.5315,2.2639,2.18,1.677,1.3362,2.6043000000000003,2.1822,2.4756,2.4516999999999998,2.5126,2.0705,0.6872,1.3719000000000001,1.1231,0.8794,1.6371,2.62,0.3221,1.1913,2.9435,1.7105,1.6058
67,52.08716,5.095407,3.213733673095703,15,34.31117518952729,100.80301090402145,5,0.0,0.0,0.0,0.0,0.0,0.0,0.0,0.0,0.0,0.0,0.0,0.0,0.0,0.0,0.0,0.0,0.0,0.0,0.0,0.0,0.0,0.0,0.0,0.0,0.0,0.0,0.0,0.0,0.0,0.0,0.0,0.0,0.0,0.0,0.0,0.0,0.0,0.0,0.0,0.0,0.0,0.0,0.0,0.0,0.0,0.0,0.0,0.0,0.0,0.0,0.0,0.0,0.0,0.0,0.0,0.0,0.0,0.0,0.0,0.0,0.0,0.0,0.0,0.0,0.0,0.0,0.0,0.0,2.0353,2.165,1.9027,1.167,3.5562,3.028,1.643,3.8116999999999996,2.4563,2.8336,4.1225,3.7337,1.071,2.128,2.8635,3.6434,3.6285,1.671,3.3368,2.4155,2.5131,4.1972,2.8714,3.0195,3.3074,2.9498,3.0021999999999998,2.9497,2.6075,2.342,0.7339,1.8372,2.9747
68,52.088746,5.117341,8.864768981933594,8,86.05399994299731,122.89597020112139,5,0.0,0.0,0.0,0.0,0.0,0.0,0.0,0.0,0.0,0.0,0.0,0.0,0.0,0.0,0.0,0.0,0.0,0.0,0.0,0.0,0.0,0.0,0.0,0.0,0.0,0.0,0.0,0.0,0.0,0.0,0.0,0.0,0.0,0.0,0.0,0.0,0.0,0.0,0.0,0.0,0.0,0.0,0.0,0.0,0.0,0.0,0.0,0.0,0.0,0.0,0.0,0.0,0.0,0.0,0.0,0.0,0.0,0.0,0.0,0.0,0.0,0.0,0.0,0.0,0.0,0.0,0.0,0.0,0.0,0.5098,1.414,2.464,2.0679000000000003,1.0209,1.0417,2.3324000000000003,0.8957,0.8957999999999999,2.6342,2.1455,1.8549,1.6694,1.8412,1.9501,2.7222,1.6389,2.4305,1.9410999999999998,2.1035999999999997,2.709,0.8875,1.8267,1.3234000000000001,1.6775,1.1305999999999998,2.5823,0.7061000000000001,0.6848,2.4002,1.3015,1.8499
69,52.091661,5.119639,11.165675163269043,15,47.85400623527446,118.9100795304843,5,0.0,0.0,0.0,0.0,0.0,0.0,0.0,0.0,0.0,0.0,0.0,0.0,0.0,0.0,0.0,0.0,0.0,0.0,0.0,0.0,0.0,0.0,0.0,0.0,0.0,0.0,0.0,0.0,0.0,0.0,0.0,0.0,0.0,0.0,0.0,0.0,0.0,0.0,0.0,0.0,0.0,0.0,0.0,0.0,0.0,0.0,0.0,0.0,0.0,0.0,0.0,0.0,0.0,0.0,0.0,0.0,0.0,0.0,0.0,0.0,0.0,0.0,0.0,0.0,0.0,0.0,0.0,0.0,0.0,0.0,1.2352,2.8158000000000003,1.7472999999999999,1.0945,1.3935,2.0029,1.2186,0.9693999999999999,2.3137,1.8494000000000002,1.8737000000000001,1.9923,1.5906,1.6541,2.3085,1.9907000000000001,2.0167,2.264,2.1223,2.3884000000000003,0.8972,1.4313,1.3332,1.2821,1.4535,2.2298,0.5322,1.0077,2.2219,1.3202,1.4545
70,52.09756,5.110985,5.879246711730957,11,83.71495196074804,131.94889348829992,5,0.0,0.0,0.0,0.0,0.0,0.0,0.0,0.0,0.0,0.0,0.0,0.0,0.0,0.0,0.0,0.0,0.0,0.0,0.0,0.0,0.0,0.0,0.0,0.0,0.0,0.0,0.0,0.0,0.0,0.0,0.0,0.0,0.0,0.0,0.0,0.0,0.0,0.0,0.0,0.0,0.0,0.0,0.0,0.0,0.0,0.0,0.0,0.0,0.0,0.0,0.0,0.0,0.0,0.0,0.0,0.0,0.0,0.0,0.0,0.0,0.0,0.0,0.0,0.0,0.0,0.0,0.0,0.0,0.0,0.0,0.0,3.0292,2.4122,2.3392,1.4493,2.722,1.7675999999999998,2.1448,2.3754,2.9204,1.1485,2.8155,0.9608,2.5536999999999996,1.7258,2.3586,1.434,2.9717,1.1067,2.6429,2.0263,1.1167,2.4621999999999997,1.4472,2.3134,1.1683,1.6612,1.6532,1.6567,0.1125,1.072
71,52.079807,5.100405,2.8074796199798584,15,64.88500530414598,140.1568033761415,5,0.0,0.0,0.0,0.0,0.0,0.0,0.0,0.0,0.0,0.0,0.0,0.0,0.0,0.0,0.0,0.0,0.0,0.0,0.0,0.0,0.0,0.0,0.0,0.0,0.0,0.0,0.0,0.0,0.0,0.0,0.0,0.0,0.0,0.0,0.0,0.0,0.0,0.0,0.0,0.0,0.0,0.0,0.0,0.0,0.0,0.0,0.0,0.0,0.0,0.0,0.0,0.0,0.0,0.0,0.0,0.0,0.0,0.0,0.0,0.0,0.0,0.0,0.0,0.0,0.0,0.0,0.0,0.0,0.0,0.0,0.0,0.0,4.215,2.9536,2.2500999999999998,4.6253,2.6702,2.7731999999999997,4.7813,3.9711999999999996,2.1973000000000003,1.659,3.7887,4.2481,4.5537,1.2775,4.2619,1.7098,3.6395,4.8561000000000005,3.1725,3.9446999999999997,2.914,3.6087,2.7325,4.0761,2.8844000000000003,2.5558,1.8603,2.7154000000000003,3.8999
72,52.097024,5.13864,3.035773992538452,7,73.96795779684739,138.69726648421147,5,0.0,0.0,0.0,0.0,0.0,0.0,0.0,0.0,0.0,0.0,0.0,0.0,0.0,0.0,0.0,0.0,0.0,0.0,0.0,0.0,0.0,0.0,0.0,0.0,0.0,0.0,0.0,0.0,0.0,0.0,0.0,0.0,0.0,0.0,0.0,0.0,0.0,0.0,0.0,0.0,0.0,0.0,0.0,0.0,0.0,0.0,0.0,0.0,0.0,0.0,0.0,0.0,0.0,0.0,0.0,0.0,0.0,0.0,0.0,0.0,0.0,0.0,0.0,0.0,0.0,0.0,0.0,0.0,0.0,0.0,0.0,0.0,0.0,2.0967,2.8270999999999997,0.5729,2.3507,2.1096,0.5679,1.4195,3.2259,2.9294000000000002,2.1721,0.49989999999999996,2.2448,3.8264,2.1914000000000002,3.2011,3.6894,0.7403,1.3962999999999999,1.3936,1.6627,1.283,2.5369,3.5781,1.6645,2.1399,3.5741,2.5389,1.7963
73,52.083878,5.123853,7.976781845092773,5,44.45180172617111,106.81616703901545,5,0.0,0.0,0.0,0.0,0.0,0.0,0.0,0.0,0.0,0.0,0.0,0.0,0.0,0.0,0.0,0.0,0.0,0.0,0.0,0.0,0.0,0.0,0.0,0.0,0.0,0.0,0.0,0.0,0.0,0.0,0.0,0.0,0.0,0.0,0.0,0.0,0.0,0.0,0.0,0.0,0.0,0.0,0.0,0.0,0.0,0.0,0.0,0.0,0.0,0.0,0.0,0.0,0.0,0.0,0.0,0.0,0.0,0.0,0.0,0.0,0.0,0.0,0.0,0.0,0.0,0.0,0.0,0.0,0.0,0.0,0.0,0.0,0.0,0.0,1.946,2.1453,0.8969,0.3665,2.6409000000000002,1.7499,2.7569,1.1887,2.611,2.0269,3.3289,2.0856999999999997,3.0372,1.4604000000000001,3.0055,2.7157,0.8258,2.554,0.6927000000000001,2.0615,0.6732,3.2502,0.9575,0.6861,3.3088,2.2034000000000002,2.4749
74,52.09136,5.109532,6.4010820388793945,9,55.36720766081329,87.89606668362045,5,0.0,0.0,0.0,0.0,0.0,0.0,0.0,0.0,0.0,0.0,0.0,0.0,0.0,0.0,0.0,0.0,0.0,0.0,0.0,0.0,0.0,0.0,0.0,0.0,0.0,0.0,0.0,0.0,0.0,0.0,0.0,0.0,0.0,0.0,0.0,0.0,0.0,0.0,0.0,0.0,0.0,0.0,0.0,0.0,0.0,0.0,0.0,0.0,0.0,0.0,0.0,0.0,0.0,0.0,0.0,0.0,0.0,0.0,0.0,0.0,0.0,0.0,0.0,0.0,0.0,0.0,0.0,0.0,0.0,0.0,0.0,0.0,0.0,0.0,0.0,3.1001,1.3822,1.7595,3.4109000000000003,3.0221999999999998,1.5124000000000002,2.3407,2.4183000000000003,2.9318,3.1833,1.8838,2.8915,2.5864000000000003,2.1471,3.4857,1.8778,2.5742,2.3138,2.2382,1.928,2.6258000000000004,1.5897000000000001,1.2678,1.9612,1.345,2.5295
75,52.094318,5.142431,6.782405376434326,8,4.323077439965328,34.494472988128706,5,0.0,0.0,0.0,0.0,0.0,0.0,0.0,0.0,0.0,0.0,0.0,0.0,0.0,0.0,0.0,0.0,0.0,0.0,0.0,0.0,0.0,0.0,0.0,0.0,0.0,0.0,0.0,0.0,0.0,0.0,0.0,0.0,0.0,0.0,0.0,0.0,0.0,0.0,0.0,0.0,0.0,0.0,0.0,0.0,0.0,0.0,0.0,0.0,0.0,0.0,0.0,0.0,0.0,0.0,0.0,0.0,0.0,0.0,0.0,0.0,0.0,0.0,0.0,0.0,0.0,0.0,0.0,0.0,0.0,0.0,0.0,0.0,0.0,0.0,0.0,0.0,2.4766999999999997,2.2356,0.9116000000000001,1.2517,3.491,3.0554,2.7303,0.507,2.6931,3.9524,2.6142,3.3270999999999997,3.7397,0.8245,1.5223,2.0998,1.7887,1.6072,2.6629,3.7158,1.7905,2.2659000000000002,3.8392,2.9375,2.3545
76,52.084682,5.117946,8.229654312133789,7,36.34191095827002,78.69412324102292,5,0.0,0.0,0.0,0.0,0.0,0.0,0.0,0.0,0.0,0.0,0.0,0.0,0.0,0.0,0.0,0.0,0.0,0.0,0.0,0.0,0.0,0.0,0.0,0.0,0.0,0.0,0.0,0.0,0.0,0.0,0.0,0.0,0.0,0.0,0.0,0.0,0.0,0.0,0.0,0.0,0.0,0.0,0.0,0.0,0.0,0.0,0.0,0.0,0.0,0.0,0.0,0.0,0.0,0.0,0.0,0.0,0.0,0.0,0.0,0.0,0.0,0.0,0.0,0.0,0.0,0.0,0.0,0.0,0.0,0.0,0.0,0.0,0.0,0.0,0.0,0.0,0.0,0.7109,2.9034,2.5228,2.1844,1.0364,2.7300999999999997,2.0255,3.4951,1.9334,3.2033,1.3080999999999998,2.4589000000000003,2.9781999999999997,1.0883,2.886,1.4657,2.2921,0.8795,2.9375999999999998,1.0475999999999999,0.1405,2.6332,1.6568,2.8413000000000004
77,52.083943,5.123148,8.296971321105957,7,85.00381095725649,156.0731543495084,5,0.0,0.0,0.0,0.0,0.0,0.0,0.0,0.0,0.0,0.0,0.0,0.0,0.0,0.0,0.0,0.0,0.0,0.0,0.0,0.0,0.0,0.0,0.0,0.0,0.0,0.0,0.0,0.0,0.0,0.0,0.0,0.0,0.0,0.0,0.0,0.0,0.0,0.0,0.0,0.0,0.0,0.0,0.0,0.0,0.0,0.0,0.0,0.0,0.0,0.0,0.0,0.0,0.0,0.0,0.0,0.0,0.0,0.0,0.0,0.0,0.0,0.0,0.0,0.0,0.0,0.0,0.0,0.0,0.0,0.0,0.0,0.0,0.0,0.0,0.0,0.0,0.0,0.0,2.6318,1.684,2.5625,0.9766,2.4993000000000003,1.754,3.2171999999999996,1.8737000000000001,2.9255,1.2483,2.8110999999999997,2.7066,0.8167000000000001,2.3401,0.6269,2.0206,0.4611,3.2899000000000003,0.7761,0.49160000000000004,3.1144000000000003,2.009,2.3632
78,52.101385,5.140362,2.021719455718994,15,80.63697671808214,153.6946126892174,5,0.0,0.0,0.0,0.0,0.0,0.0,0.0,0.0,0.0,0.0,0.0,0.0,0.0,0.0,0.0,0.0,0.0,0.0,0.0,0.0,0.0,0.0,0.0,0.0,0.0,0.0,0.0,0.0,0.0,0.0,0.0,0.0,0.0,0.0,0.0,0.0,0.0,0.0,0.0,0.0,0.0,0.0,0.0,0.0,0.0,0.0,0.0,0.0,0.0,0.0,0.0,0.0,0.0,0.0,0.0,0.0,0.0,0.0,0.0,0.0,0.0,0.0,0.0,0.0,0.0,0.0,0.0,0.0,0.0,0.0,0.0,0.0,0.0,0.0,0.0,0.0,0.0,0.0,0.0,1.9025,3.5241,3.4957,1.7775,1.1111,1.8717000000000001,4.3927,1.7928,3.7674000000000003,3.2949,0.3496,1.9626,1.5265,2.229,1.4158,3.1031999999999997,2.936,2.2308000000000003,2.7062,4.15,2.4880999999999998,1.4018
79,52.086996,5.139549,4.764561653137207,7,76.19516295111721,118.82577598063885,5,0.0,0.0,0.0,0.0,0.0,0.0,0.0,0.0,0.0,0.0,0.0,0.0,0.0,0.0,0.0,0.0,0.0,0.0,0.0,0.0,0.0,0.0,0.0,0.0,0.0,0.0,0.0,0.0,0.0,0.0,0.0,0.0,0.0,0.0,0.0,0.0,0.0,0.0,0.0,0.0,0.0,0.0,0.0,0.0,0.0,0.0,0.0,0.0,0.0,0.0,0.0,0.0,0.0,0.0,0.0,0.0,0.0,0.0,0.0,0.0,0.0,0.0,0.0,0.0,0.0,0.0,0.0,0.0,0.0,0.0,0.0,0.0,0.0,0.0,0.0,0.0,0.0,0.0,0.0,0.0,3.4566,2.2431,2.8499,1.0459,3.6598,3.1401,3.5809,2.5148,3.7051999999999996,1.7913,1.3739000000000001,2.4163,0.9763999999999999,1.9238,1.8505999999999998,3.8127,1.6421,2.0901,3.8048,2.9031,2.6502
80,52.093777,5.100342,4.511068344116211,8,78.97544171240911,122.95577953776251,5,0.0,0.0,0.0,0.0,0.0,0.0,0.0,0.0,0.0,0.0,0.0,0.0,0.0,0.0,0.0,0.0,0.0,0.0,0.0,0.0,0.0,0.0,0.0,0.0,0.0,0.0,0.0,0.0,0.0,0.0,0.0,0.0,0.0,0.0,0.0,0.0,0.0,0.0,0.0,0.0,0.0,0.0,0.0,0.0,0.0,0.0,0.0,0.0,0.0,0.0,0.0,0.0,0.0,0.0,0.0,0.0,0.0,0.0,0.0,0.0,0.0,0.0,0.0,0.0,0.0,0.0,0.0,0.0,0.0,0.0,0.0,0.0,0.0,0.0,0.0,0.0,0.0,0.0,0.0,0.0,0.0,2.3208,2.144,3.4537,2.909,1.8639000000000001,2.6172,2.7271,1.7935,3.8261,2.7689,2.2999,3.2049000000000003,2.391,2.8124000000000002,2.2302,2.4178,2.1521999999999997,0.6111,1.1176,2.2552
81,52.079929,5.117847,2.7065303325653076,7,82.43256139226784,146.9791616705958,5,0.0,0.0,0.0,0.0,0.0,0.0,0.0,0.0,0.0,0.0,0.0,0.0,0.0,0.0,0.0,0.0,0.0,0.0,0.0,0.0,0.0,0.0,0.0,0.0,0.0,0.0,0.0,0.0,0.0,0.0,0.0,0.0,0.0,0.0,0.0,0.0,0.0,0.0,0.0,0.0,0.0,0.0,0.0,0.0,0.0,0.0,0.0,0.0,0.0,0.0,0.0,0.0,0.0,0.0,0.0,0.0,0.0,0.0,0.0,0.0,0.0,0.0,0.0,0.0,0.0,0.0,0.0,0.0,0.0,0.0,0.0,0.0,0.0,0.0,0.0,0.0,0.0,0.0,0.0,0.0,0.0,0.0,3.9679,2.6086,4.7329,0.9107999999999999,4.4411000000000005,0.6219,3.6967,3.5561,1.876,3.5608,1.2744000000000002,3.0682,1.0929,4.1755,1.9642,1.1084,2.7897,2.8946,4.0790999999999995
82,52.102247,5.118411,3.973660945892334,5,8.96699567760727,70.67862635854615,5,0.0,0.0,0.0,0.0,0.0,0.0,0.0,0.0,0.0,0.0,0.0,0.0,0.0,0.0,0.0,0.0,0.0,0.0,0.0,0.0,0.0,0.0,0.0,0.0,0.0,0.0,0.0,0.0,0.0,0.0,0.0,0.0,0.0,0.0,0.0,0.0,0.0,0.0,0.0,0.0,0.0,0.0,0.0,0.0,0.0,0.0,0.0,0.0,0.0,0.0,0.0,0.0,0.0,0.0,0.0,0.0,0.0,0.0,0.0,0.0,0.0,0.0,0.0,0.0,0.0,0.0,0.0,0.0,0.0,0.0,0.0,0.0,0.0,0.0,0.0,0.0,0.0,0.0,0.0,0.0,0.0,0.0,0.0,2.4636,0.9457000000000001,3.3196,0.654,3.847,1.7179,2.0450999999999997,2.1005,0.5189,2.6363000000000003,1.1224,2.9635,1.2322,1.8047,2.5176999999999996,2.6176999999999997,1.0735,0.4742
83,52.093233,5.137814,7.741925239562988,8,71.13190658124722,134.76274702665347,5,0.0,0.0,0.0,0.0,0.0,0.0,0.0,0.0,0.0,0.0,0.0,0.0,0.0,0.0,0.0,0.0,0.0,0.0,0.0,0.0,0.0,0.0,0.0,0.0,0.0,0.0,0.0,0.0,0.0,0.0,0.0,0.0,0.0,0.0,0.0,0.0,0.0,0.0,0.0,0.0,0.0,0.0,0.0,0.0,0.0,0.0,0.0,0.0,0.0,0.0,0.0,0.0,0.0,0.0,0.0,0.0,0.0,0.0,0.0,0.0,0.0,0.0,0.0,0.0,0.0,0.0,0.0,0.0,0.0,0.0,0.0,0.0,0.0,0.0,0.0,0.0,0.0,0.0,0.0,0.0,0.0,0.0,0.0,0.0,2.6989,3.5135,2.6455,2.8882,3.4783000000000004,1.0306,1.147,1.8477000000000001,1.3497999999999999,1.5030999999999999,2.224,3.6117,1.4152,1.8905999999999998,3.5779,2.6761999999999997,2.2504
84,52.108331,5.121426,2.168667793273926,12,41.367929995621985,113.21939517792353,5,0.0,0.0,0.0,0.0,0.0,0.0,0.0,0.0,0.0,0.0,0.0,0.0,0.0,0.0,0.0,0.0,0.0,0.0,0.0,0.0,0.0,0.0,0.0,0.0,0.0,0.0,0.0,0.0,0.0,0.0,0.0,0.0,0.0,0.0,0.0,0.0,0.0,0.0,0.0,0.0,0.0,0.0,0.0,0.0,0.0,0.0,0.0,0.0,0.0,0.0,0.0,0.0,0.0,0.0,0.0,0.0,0.0,0.0,0.0,0.0,0.0,0.0,0.0,0.0,0.0,0.0,0.0,0.0,0.0,0.0,0.0,0.0,0.0,0.0,0.0,0.0,0.0,0.0,0.0,0.0,0.0,0.0,0.0,0.0,0.0,4.0846,0.3217,4.6977,2.1274,2.1194,2.8535,1.1576,3.4165,1.7808,3.6250999999999998,1.4805,2.5601,3.3792,3.3827,1.8385,0.9237000000000001
85,52.082401,5.114278,5.503153324127197,15,79.50529189083048,115.00669454651432,5,0.0,0.0,0.0,0.0,0.0,0.0,0.0,0.0,0.0,0.0,0.0,0.0,0.0,0.0,0.0,0.0,0.0,0.0,0.0,0.0,0.0,0.0,0.0,0.0,0.0,0.0,0.0,0.0,0.0,0.0,0.0,0.0,0.0,0.0,0.0,0.0,0.0,0.0,0.0,0.0,0.0,0.0,0.0,0.0,0.0,0.0,0.0,0.0,0.0,0.0,0.0,0.0,0.0,0.0,0.0,0.0,0.0,0.0,0.0,0.0,0.0,0.0,0.0,0.0,0.0,0.0,0.0,0.0,0.0,0.0,0.0,0.0,0.0,0.0,0.0,0.0,0.0,0.0,0.0,0.0,0.0,0.0,0.0,0.0,0.0,0.0,3.977,1.3171,3.2325999999999997,4.4675,2.4911999999999996,3.6597,2.1858,3.0861,2.0042999999999997,3.7113,2.2031,1.8745999999999998,2.3256,2.4305,3.615
86,52.106757,5.119025,4.178531169891357,10,22.495459470188628,85.01764364567751,5,0.0,0.0,0.0,0.0,0.0,0.0,0.0,0.0,0.0,0.0,0.0,0.0,0.0,0.0,0.0,0.0,0.0,0.0,0.0,0.0,0.0,0.0,0.0,0.0,0.0,0.0,0.0,0.0,0.0,0.0,0.0,0.0,0.0,0.0,0.0,0.0,0.0,0.0,0.0,0.0,0.0,0.0,0.0,0.0,0.0,0.0,0.0,0.0,0.0,0.0,0.0,0.0,0.0,0.0,0.0,0.0,0.0,0.0,0.0,0.0,0.0,0.0,0.0,0.0,0.0,0.0,0.0,0.0,0.0,0.0,0.0,0.0,0.0,0.0,0.0,0.0,0.0,0.0,0.0,0.0,0.0,0.0,0.0,0.0,0.0,0.0,0.0,4.406,1.9434,2.0282,2.7380999999999998,1.1224,3.3011,1.7259,3.3334,1.2964,2.4094,3.0874,3.0909,1.5468,0.8885
87,52.076129,5.119272,3.4287095069885254,5,31.86533793040369,76.76616570392264,5,0.0,0.0,0.0,0.0,0.0,0.0,0.0,0.0,0.0,0.0,0.0,0.0,0.0,0.0,0.0,0.0,0.0,0.0,0.0,0.0,0.0,0.0,0.0,0.0,0.0,0.0,0.0,0.0,0.0,0.0,0.0,0.0,0.0,0.0,0.0,0.0,0.0,0.0,0.0,0.0,0.0,0.0,0.0,0.0,0.0,0.0,0.0,0.0,0.0,0.0,0.0,0.0,0.0,0.0,0.0,0.0,0.0,0.0,0.0,0.0,0.0,0.0,0.0,0.0,0.0,0.0,0.0,0.0,0.0,0.0,0.0,0.0,0.0,0.0,0.0,0.0,0.0,0.0,0.0,0.0,0.0,0.0,0.0,0.0,0.0,0.0,0.0,0.0,3.659,3.6578000000000004,1.9777,3.6625,1.3760999999999999,3.1699,1.1947,4.1377,2.0659,1.3395,3.196,2.8568000000000002,3.5911
88,52.102097,5.100645,3.9417037963867188,11,89.97136655498308,163.18100718011726,5,0.0,0.0,0.0,0.0,0.0,0.0,0.0,0.0,0.0,0.0,0.0,0.0,0.0,0.0,0.0,0.0,0.0,0.0,0.0,0.0,0.0,0.0,0.0,0.0,0.0,0.0,0.0,0.0,0.0,0.0,0.0,0.0,0.0,0.0,0.0,0.0,0.0,0.0,0.0,0.0,0.0,0.0,0.0,0.0,0.0,0.0,0.0,0.0,0.0,0.0,0.0,0.0,0.0,0.0,0.0,0.0,0.0,0.0,0.0,0.0,0.0,0.0,0.0,0.0,0.0,0.0,0.0,0.0,0.0,0.0,0.0,0.0,0.0,0.0,0.0,0.0,0.0,0.0,0.0,0.0,0.0,0.0,0.0,0.0,0.0,0.0,0.0,0.0,0.0,3.5326,2.9771,2.0065,3.4131,2.4817,3.0206,0.7082,2.6026,2.3604000000000003,2.2815,1.1548,1.9617
89,52.100583,5.142715,3.212782144546509,15,89.02623019902329,126.94151111017919,5,0.0,0.0,0.0,0.0,0.0,0.0,0.0,0.0,0.0,0.0,0.0,0.0,0.0,0.0,0.0,0.0,0.0,0.0,0.0,0.0,0.0,0.0,0.0,0.0,0.0,0.0,0.0,0.0,0.0,0.0,0.0,0.0,0.0,0.0,0.0,0.0,0.0,0.0,0.0,0.0,0.0,0.0,0.0,0.0,0.0,0.0,0.0,0.0,0.0,0.0,0.0,0.0,0.0,0.0,0.0,0.0,0.0,0.0,0.0,0.0,0.0,0.0,0.0,0.0,0.0,0.0,0.0,0.0,0.0,0.0,0.0,0.0,0.0,0.0,0.0,0.0,0.0,0.0,0.0,0.0,0.0,0.0,0.0,0.0,0.0,0.0,0.0,0.0,0.0,0.0,2.0393,1.6987999999999999,2.3058,1.5882,3.1799,3.1416,2.3076,2.7829,4.2248,2.6938,1.6075
90,52.088979,5.127241,7.358860969543457,15,2.7836964011010656,76.30025194203272,5,0.0,0.0,0.0,0.0,0.0,0.0,0.0,0.0,0.0,0.0,0.0,0.0,0.0,0.0,0.0,0.0,0.0,0.0,0.0,0.0,0.0,0.0,0.0,0.0,0.0,0.0,0.0,0.0,0.0,0.0,0.0,0.0,0.0,0.0,0.0,0.0,0.0,0.0,0.0,0.0,0.0,0.0,0.0,0.0,0.0,0.0,0.0,0.0,0.0,0.0,0.0,0.0,0.0,0.0,0.0,0.0,0.0,0.0,0.0,0.0,0.0,0.0,0.0,0.0,0.0,0.0,0.0,0.0,0.0,0.0,0.0,0.0,0.0,0.0,0.0,0.0,0.0,0.0,0.0,0.0,0.0,0.0,0.0,0.0,0.0,0.0,0.0,0.0,0.0,0.0,0.0,1.6592,0.6015,1.1667,1.4757,2.9818000000000002,0.4624,0.8669,3.2346,2.1525,1.8931
91,52.100332,5.124556,4.548760414123535,15,82.69664330488283,119.78287336096261,5,0.0,0.0,0.0,0.0,0.0,0.0,0.0,0.0,0.0,0.0,0.0,0.0,0.0,0.0,0.0,0.0,0.0,0.0,0.0,0.0,0.0,0.0,0.0,0.0,0.0,0.0,0.0,0.0,0.0,0.0,0.0,0.0,0.0,0.0,0.0,0.0,0.0,0.0,0.0,0.0,0.0,0.0,0.0,0.0,0.0,0.0,0.0,0.0,0.0,0.0,0.0,0.0,0.0,0.0,0.0,0.0,0.0,0.0,0.0,0.0,0.0,0.0,0.0,0.0,0.0,0.0,0.0,0.0,0.0,0.0,0.0,0.0,0.0,0.0,0.0,0.0,0.0,0.0,0.0,0.0,0.0,0.0,0.0,0.0,0.0,0.0,0.0,0.0,0.0,0.0,0.0,0.0,2.2504,0.6035,2.8030999999999997,1.9524000000000001,1.6312,2.3573000000000004,2.8011,1.2569000000000001,0.2339
92,52.084894,5.129603,7.263351917266846,7,85.69671161354879,156.66427660108536,5,0.0,0.0,0.0,0.0,0.0,0.0,0.0,0.0,0.0,0.0,0.0,0.0,0.0,0.0,0.0,0.0,0.0,0.0,0.0,0.0,0.0,0.0,0.0,0.0,0.0,0.0,0.0,0.0,0.0,0.0,0.0,0.0,0.0,0.0,0.0,0.0,0.0,0.0,0.0,0.0,0.0,0.0,0.0,0.0,0.0,0.0,0.0,0.0,0.0,0.0,0.0,0.0,0.0,0.0,0.0,0.0,0.0,0.0,0.0,0.0,0.0,0.0,0.0,0.0,0.0,0.0,0.0,0.0,0.0,0.0,0.0,0.0,0.0,0.0,0.0,0.0,0.0,0.0,0.0,0.0,0.0,0.0,0.0,0.0,0.0,0.0,0.0,0.0,0.0,0.0,0.0,0.0,0.0,1.7764000000000002,0.8742000000000001,3.5038,0.8995,1.1136,3.6715999999999998,2.5896,2.5028
93,52.098043,5.127958,2.8022282123565674,11,53.1466994524735,96.60402790353311,5,0.0,0.0,0.0,0.0,0.0,0.0,0.0,0.0,0.0,0.0,0.0,0.0,0.0,0.0,0.0,0.0,0.0,0.0,0.0,0.0,0.0,0.0,0.0,0.0,0.0,0.0,0.0,0.0,0.0,0.0,0.0,0.0,0.0,0.0,0.0,0.0,0.0,0.0,0.0,0.0,0.0,0.0,0.0,0.0,0.0,0.0,0.0,0.0,0.0,0.0,0.0,0.0,0.0,0.0,0.0,0.0,0.0,0.0,0.0,0.0,0.0,0.0,0.0,0.0,0.0,0.0,0.0,0.0,0.0,0.0,0.0,0.0,0.0,0.0,0.0,0.0,0.0,0.0,0.0,0.0,0.0,0.0,0.0,0.0,0.0,0.0,0.0,0.0,0.0,0.0,0.0,0.0,0.0,0.0,2.7117,2.4076999999999997,1.1387,2.0079000000000002,3.0696999999999997,1.5255999999999998,0.8408
94,52.081155,5.121683,7.115266799926758,10,56.058989174486406,125.33267391851913,5,0.0,0.0,0.0,0.0,0.0,0.0,0.0,0.0,0.0,0.0,0.0,0.0,0.0,0.0,0.0,0.0,0.0,0.0,0.0,0.0,0.0,0.0,0.0,0.0,0.0,0.0,0.0,0.0,0.0,0.0,0.0,0.0,0.0,0.0,0.0,0.0,0.0,0.0,0.0,0.0,0.0,0.0,0.0,0.0,0.0,0.0,0.0,0.0,0.0,0.0,0.0,0.0,0.0,0.0,0.0,0.0,0.0,0.0,0.0,0.0,0.0,0.0,0.0,0.0,0.0,0.0,0.0,0.0,0.0,0.0,0.0,0.0,0.0,0.0,0.0,0.0,0.0,0.0,0.0,0.0,0.0,0.0,0.0,0.0,0.0,0.0,0.0,0.0,0.0,0.0,0.0,0.0,0.0,0.0,0.0,3.4584,1.2209,0.6602,3.283,2.1776,2.808
95,52.105892,5.106671,2.722701072692871,13,98.59508004078455,150.48764395144065,5,0.0,0.0,0.0,0.0,0.0,0.0,0.0,0.0,0.0,0.0,0.0,0.0,0.0,0.0,0.0,0.0,0.0,0.0,0.0,0.0,0.0,0.0,0.0,0.0,0.0,0.0,0.0,0.0,0.0,0.0,0.0,0.0,0.0,0.0,0.0,0.0,0.0,0.0,0.0,0.0,0.0,0.0,0.0,0.0,0.0,0.0,0.0,0.0,0.0,0.0,0.0,0.0,0.0,0.0,0.0,0.0,0.0,0.0,0.0,0.0,0.0,0.0,0.0,0.0,0.0,0.0,0.0,0.0,0.0,0.0,0.0,0.0,0.0,0.0,0.0,0.0,0.0,0.0,0.0,0.0,0.0,0.0,0.0,0.0,0.0,0.0,0.0,0.0,0.0,0.0,0.0,0.0,0.0,0.0,0.0,0.0,2.5669,2.8845,2.8056,1.3460999999999999,1.6119
96,52.089578,5.123787,9.732207298278809,7,28.787362037082897,69.55111182311276,5,0.0,0.0,0.0,0.0,0.0,0.0,0.0,0.0,0.0,0.0,0.0,0.0,0.0,0.0,0.0,0.0,0.0,0.0,0.0,0.0,0.0,0.0,0.0,0.0,0.0,0.0,0.0,0.0,0.0,0.0,0.0,0.0,0.0,0.0,0.0,0.0,0.0,0.0,0.0,0.0,0.0,0.0,0.0,0.0,0.0,0.0,0.0,0.0,0.0,0.0,0.0,0.0,0.0,0.0,0.0,0.0,0.0,0.0,0.0,0.0,0.0,0.0,0.0,0.0,0.0,0.0,0.0,0.0,0.0,0.0,0.0,0.0,0.0,0.0,0.0,0.0,0.0,0.0,0.0,0.0,0.0,0.0,0.0,0.0,0.0,0.0,0.0,0.0,0.0,0.0,0.0,0.0,0.0,0.0,0.0,0.0,0.0,0.8756,3.029,1.947,1.661
97,52.085517,5.118221,9.503188133239746,7,39.33153795073873,79.72602800782295,5,0.0,0.0,0.0,0.0,0.0,0.0,0.0,0.0,0.0,0.0,0.0,0.0,0.0,0.0,0.0,0.0,0.0,0.0,0.0,0.0,0.0,0.0,0.0,0.0,0.0,0.0,0.0,0.0,0.0,0.0,0.0,0.0,0.0,0.0,0.0,0.0,0.0,0.0,0.0,0.0,0.0,0.0,0.0,0.0,0.0,0.0,0.0,0.0,0.0,0.0,0.0,0.0,0.0,0.0,0.0,0.0,0.0,0.0,0.0,0.0,0.0,0.0,0.0,0.0,0.0,0.0,0.0,0.0,0.0,0.0,0.0,0.0,0.0,0.0,0.0,0.0,0.0,0.0,0.0,0.0,0.0,0.0,0.0,0.0,0.0,0.0,0.0,0.0,0.0,0.0,0.0,0.0,0.0,0.0,0.0,0.0,0.0,0.0,2.6283000000000003,1.5272000000000001,2.7117
98,52.092659,5.093346,1.6533348560333252,7,5.917205434926087,66.39192135767199,5,0.0,0.0,0.0,0.0,0.0,0.0,0.0,0.0,0.0,0.0,0.0,0.0,0.0,0.0,0.0,0.0,0.0,0.0,0.0,0.0,0.0,0.0,0.0,0.0,0.0,0.0,0.0,0.0,0.0,0.0,0.0,0.0,0.0,0.0,0.0,0.0,0.0,0.0,0.0,0.0,0.0,0.0,0.0,0.0,0.0,0.0,0.0,0.0,0.0,0.0,0.0,0.0,0.0,0.0,0.0,0.0,0.0,0.0,0.0,0.0,0.0,0.0,0.0,0.0,0.0,0.0,0.0,0.0,0.0,0.0,0.0,0.0,0.0,0.0,0.0,0.0,0.0,0.0,0.0,0.0,0.0,0.0,0.0,0.0,0.0,0.0,0.0,0.0,0.0,0.0,0.0,0.0,0.0,0.0,0.0,0.0,0.0,0.0,0.0,1.5813,2.7189
99,52.096816,5.111218,4.6083984375,6,22.59331376922875,56.53351923544647,5,0.0,0.0,0.0,0.0,0.0,0.0,0.0,0.0,0.0,0.0,0.0,0.0,0.0,0.0,0.0,0.0,0.0,0.0,0.0,0.0,0.0,0.0,0.0,0.0,0.0,0.0,0.0,0.0,0.0,0.0,0.0,0.0,0.0,0.0,0.0,0.0,0.0,0.0,0.0,0.0,0.0,0.0,0.0,0.0,0.0,0.0,0.0,0.0,0.0,0.0,0.0,0.0,0.0,0.0,0.0,0.0,0.0,0.0,0.0,0.0,0.0,0.0,0.0,0.0,0.0,0.0,0.0,0.0,0.0,0.0,0.0,0.0,0.0,0.0,0.0,0.0,0.0,0.0,0.0,0.0,0.0,0.0,0.0,0.0,0.0,0.0,0.0,0.0,0.0,0.0,0.0,0.0,0.0,0.0,0.0,0.0,0.0,0.0,0.0,0.0,1.1845
100,52.101733,5.123548,4.253581523895264,10,17.08907173898686,78.17487467869567,5,0.0,0.0,0.0,0.0,0.0,0.0,0.0,0.0,0.0,0.0,0.0,0.0,0.0,0.0,0.0,0.0,0.0,0.0,0.0,0.0,0.0,0.0,0.0,0.0,0.0,0.0,0.0,0.0,0.0,0.0,0.0,0.0,0.0,0.0,0.0,0.0,0.0,0.0,0.0,0.0,0.0,0.0,0.0,0.0,0.0,0.0,0.0,0.0,0.0,0.0,0.0,0.0,0.0,0.0,0.0,0.0,0.0,0.0,0.0,0.0,0.0,0.0,0.0,0.0,0.0,0.0,0.0,0.0,0.0,0.0,0.0,0.0,0.0,0.0,0.0,0.0,0.0,0.0,0.0,0.0,0.0,0.0,0.0,0.0,0.0,0.0,0.0,0.0,0.0,0.0,0.0,0.0,0.0,0.0,0.0,0.0,0.0,0.0,0.0,0.0,0.0
