,x,y,elevatiom,demand,tw a, tw b,s,0,1,2,3,4,5,6,7,8,9,10,11,12,13,14,15,16,17,18,19,20,21,22,23,24,25,26,27,28,29,30,31,32,33,34,35,36,37,38,39,40,41,42,43,44,45,46,47,48,49,50,51,52,53,54,55,56,57,58,59,60,61,62,63,64,65,66,67,68,69,70,71,72,73,74,75,76,77,78,79,80,81,82,83,84,85,86,87,88,89,90,91,92,93,94,95,96,97,98,99
0,52.096795,5.134312,4.683129787445068,,,,,0.0,1.3709,2.9484,1.7812000000000001,1.9445,2.3947,1.3393,0.9913,1.1732,1.6984000000000001,2.1569000000000003,1.3568,2.279,3.2497,2.7053000000000003,1.7255,2.5013,1.8611,1.0836,2.6772,2.4637,1.8696,1.5179,2.4501,1.324,0.8558,2.5368000000000004,3.1573,2.0864000000000003,2.4006999999999996,2.3466,2.3225,4.6084,2.3731,2.7327,2.0631,2.8276,3.5056,1.7882,1.4521,2.4758,1.7515,2.7438000000000002,2.9391,2.0195,2.3525,2.147,1.1759000000000002,1.5006,2.9433000000000002,2.0325,1.3757000000000001,1.2444000000000002,1.1544,0.7318,0.6242000000000001,2.1517,3.084,3.3209,1.2450999999999999,3.2738,2.0889,3.6243000000000003,2.7213000000000003,2.3735999999999997,3.3484000000000003,1.9469,2.5569,2.798,2.7771,0.9018999999999999,0.2978,4.6084,3.4326,0.2727,2.2419000000000002,1.4269,2.1541,1.9364000000000001,2.514,3.4568000000000003,1.7905,2.2517,2.1176999999999997,1.0776,0.5137999999999999,3.377,2.4831999999999996,3.7464,3.3446,1.5535,3.1761,3.9539,2.6292,1.639,1.998,1.2894,0.8142,2.8306,1.1015
1,52.105557,5.129693,3.604414224624634,14,37.25974187586154,106.93514991013018,5,0.0,0.0,3.5888,2.6563000000000003,0.5948,2.0187,1.9028,0.8191,2.427,0.7856000000000001,3.1199,0.6009,3.2315,3.0234,3.5804,0.7032,3.0944000000000003,1.481,1.4219000000000002,1.6902000000000001,3.6841999999999997,1.4894,0.5787,3.2656,2.3303000000000003,1.862,3.2843,2.2802,3.3069,1.4986,1.3344,1.3232000000000002,4.635800000000001,1.337,1.464,2.2487,2.8549,3.2794,2.617,2.4046999999999996,3.6963000000000004,2.6266,3.3701999999999996,3.5235,2.9720999999999997,3.2276,1.9577,0.7511,2.2481,2.7171,2.9076,2.1795,0.16519999999999999,2.1606,1.5728,0.8837999999999999,1.1524,3.6772,4.196,1.5834000000000001,2.6372,2.0705999999999998,4.4994,3.3145,3.2487,4.0959,3.2638000000000003,3.8738,2.8253000000000004,2.5509,2.2188000000000003,1.3907,4.635800000000001,4.3077,1.2986,3.2089000000000003,1.422,2.1296,1.3664,2.138,4.331899999999999,1.4104,3.2053000000000003,2.9928000000000003,2.0839000000000003,1.1548,2.5473000000000003,3.3581999999999996,4.6324,3.3719,0.2549,3.7605,4.6296,1.8612,2.4869,0.9987,0.8543999999999999,1.5617,1.5619,2.4184
2,52.085359,5.106807,2.83683705329895,14,75.75782310936377,132.30179505419895,5,0.0,0.0,0.0,2.6241,4.1063,2.845,1.7679,3.8903000000000003,3.6411,3.0239000000000003,1.3716,3.3421999999999996,1.9033,2.5646,2.767,3.1742,0.7615,2.6568,3.8737,3.6073000000000004,1.6839000000000002,2.7469,3.1816,1.2642,4.136699999999999,3.6684,0.4116,3.3501,1.5586,3.0096,3.3649,3.2394000000000003,3.2411999999999996,3.4275,3.797,1.34,1.335,2.8205,1.2935999999999999,1.7707,1.7038,2.5944000000000003,2.042,1.1269,1.864,2.3522,2.208,4.0749,1.6259000000000001,2.2582,2.557,2.2314000000000003,3.5876,3.967,2.155,3.6178000000000003,3.198,1.2719,1.9910999999999999,4.0352,2.7685999999999997,1.606,1.8223,0.9815,2.5602,1.1502999999999999,3.3537,3.5979,1.4307,2.092,3.1561999999999997,3.2509,3.2411999999999996,1.7287000000000001,2.8017,3.1997,2.2537,1.4718,2.7409,2.5391,1.4804000000000002,2.595,2.2681999999999998,2.9606999999999997,3.8903000000000003,2.617,3.0184,2.2192,1.7674,1.9774,3.6496,1.364,1.7558,2.8110999999999997,2.5389,3.1187,3.0635,2.3403,3.7472,3.1018000000000003
3,52.084867,5.130346,5.944991588592529,12,53.61993420914896,98.53331439779151,5,0.0,0.0,0.0,0.0,3.2484,2.9553000000000003,1.6065,2.5743,1.521,2.6944,1.3135,2.6607,1.1653,3.6071999999999997,1.0199,2.8447,2.3306,2.6884,2.1569000000000003,3.6561,1.41,2.6969000000000003,2.8219000000000003,1.7407000000000001,2.4198000000000004,1.9515,2.2118,3.703,1.45,3.0584000000000002,3.4086,3.2575,4.966,3.4503000000000004,4.0366,2.4206,3.1851,3.8632,1.3494000000000002,0.9198999999999999,1.3698,0.0297,1.0584,3.1473,1.0704,0.6672,2.7076,2.7589,1.365,3.3009,0.3471,0.4496,2.5483000000000002,2.2502,1.0835,2.2072,3.2207,3.1245,1.6356,2.3183000000000002,3.8112,2.4464,1.939,2.5123,0.5923999999999999,1.8397000000000001,0.797,1.0725,3.1555,3.1346999999999996,1.333,1.8796,4.966,1.7472999999999999,1.552,0.5526,2.0923000000000003,2.5117,2.7636999999999996,3.0745999999999998,1.7715,2.6178000000000003,0.7219,0.3365,2.1734,1.5338,3.9377,0.7978,3.0828,3.7022,2.8575,3.445,3.0711999999999997,3.1898,0.6655,2.9785999999999997,2.4021999999999997,1.2492,3.77,1.1252
4,52.109744,5.128755,2.9548239707946777,13,41.36784774425569,109.49311257453829,5,0.0,0.0,0.0,0.0,0.0,2.0191,2.2774,1.3676,2.9755,1.1602999999999999,3.5234,1.1716,3.8023000000000002,3.2842,4.1511000000000005,1.0779,3.4691,1.8556,1.9705,1.8249000000000002,4.0877,1.8640999999999999,0.9532999999999999,3.6691,2.8788,2.4106,3.6878,2.4149000000000003,3.7104,1.7033,1.3687,1.528,4.4277,1.3692,1.1102,2.6234,3.2295,3.4693,3.0205,2.9754,4.0998,3.1973000000000003,3.9409,3.8981,3.5428,3.7984,2.3323,1.0509000000000002,2.6515999999999997,3.2976,3.4783000000000004,2.7502,0.76,2.7091999999999996,2.1435,1.4324000000000001,1.3571,4.0518,4.7667,2.132,2.7719,2.4453,5.0701,3.6891,3.8194,4.5107,3.8123,4.4224,3.1999,3.1686,2.7674000000000003,1.9392,4.4277,4.8784,1.8693,4.1073,1.7966,2.5042,1.6723,2.6620999999999997,4.8408,1.785,3.7761,3.5635,2.6324,1.7255,2.682,3.929,5.007,3.7465,0.4567,4.1351,5.0042,2.0659,3.0576,1.3733,1.229,2.1325,1.2082,2.967
5,52.10393,5.110551,1.6225749254226685,15,35.05849119111287,72.30572987703258,5,0.0,0.0,0.0,0.0,0.0,0.0,1.3511,2.4219,3.501,1.1909,2.4368000000000003,1.6291,2.6885,1.3669,3.5538000000000003,1.4610999999999998,2.2091,0.5378,2.9259,0.8927,3.0011,0.6279,1.4685,2.602,3.6911,3.2228000000000003,2.512,0.7755,2.6238,0.3688,0.5672,0.5916,2.6709,0.7679,1.4087,1.3634000000000002,1.9695,1.552,1.8792,2.2792,3.0132,2.9738,2.8272,2.6381,2.6491,3.1389,0.8662000000000001,2.4605,1.6685,1.3802999999999999,2.9364,2.5336999999999996,1.8745,3.5214000000000003,2.2085,2.264,0.7621,2.7918000000000003,3.8479,3.0874,1.1425999999999998,1.1853,3.9227,2.4291,3.3125,3.2506999999999997,3.7251999999999996,4.3351999999999995,1.9399000000000002,1.2512999999999999,3.2297,2.6024000000000003,2.6709,3.829,2.3596,3.5561,0.9672999999999999,1.2442,0.67,0.7447999999999999,3.5808,0.6069,3.0154,3.34,3.4446999999999997,2.2159,0.9817,3.0043,3.747,2.4865999999999997,1.9365,2.8750999999999998,3.7441999999999998,0.22080000000000002,2.8411,0.7908,1.3504,1.8383,1.3589,3.1994000000000002
6,52.094075,5.118247,8.736931800842285,7,48.48366368852578,113.99291038835398,5,0.0,0.0,0.0,0.0,0.0,0.0,0.0,2.2586999999999997,2.3149,1.2825,1.1405999999999998,1.6008,1.4470999999999998,2.0145,2.2796999999999996,1.4327999999999999,1.2661,0.9278,2.2420999999999998,2.0473,1.7049,0.9362,1.4402000000000001,1.2863,2.505,2.0368,1.305,2.0941,1.3276,1.4496,1.6479000000000001,1.4969000000000001,3.3733,1.6896,2.0591999999999997,0.828,1.5925,2.2705,0.6377999999999999,0.9482,1.717,1.6442999999999999,1.5857,1.704,1.4077,1.9269,1.0988,2.4432,0.3343,1.7082,1.6069,1.1825999999999999,1.8462,2.3354,0.7903,1.9862,1.4601,1.8489,2.5517,2.4036,2.2256,0.8538,2.7885999999999997,1.4862,1.9829,2.1167,2.2628000000000004,2.8729,1.5628,1.542,1.7915,1.6193,3.3733,2.695,1.1701,2.2266,0.4858,0.919,1.003,1.4658,2.4467,0.8572000000000001,1.7739,2.0105,2.2586,0.9853999999999999,2.3288,1.7629000000000001,2.5113000000000003,2.1095,1.9082999999999999,1.941,2.7220999999999997,1.581,1.4901,1.3808,1.1174000000000002,0.7086,2.0094000000000003,1.7370999999999999
7,52.102753,5.138221,3.642932653427124,13,31.562152374913623,66.80694677086012,5,0.0,0.0,0.0,0.0,0.0,0.0,0.0,0.0,1.8932,1.3123,3.2448,0.9706,3.7331,3.4586,3.5877,1.2934,3.5111,1.9162000000000001,0.8132999999999999,2.2551,3.9778000000000002,1.9245999999999999,1.1318,3.538,1.7216,1.2534,3.5467,2.8451,3.1743,2.0887,1.8993,1.9134,5.071,1.9018,2.2529,2.6839,3.2901,3.7146,2.8794,2.4648000000000003,3.9375999999999998,2.6339,3.6262,3.949,3.1588000000000003,3.235,2.3929,0.44680000000000003,2.5104,3.1523000000000003,2.9149000000000003,2.2580999999999998,0.7232000000000001,1.552,1.7445,0.429,1.7426,4.0939,4.203399999999999,0.9748,3.3331,2.5058000000000002,4.5068,3.7312,3.256,4.4075,2.73,3.3401,3.2605,2.9861,1.6850999999999998,0.9358,5.071,4.3151,1.0637,3.025,1.8572,2.5648,1.8015999999999999,2.5732,4.339300000000001,1.8456,3.2897,3.0002,1.4752,1.4172,3.1121999999999996,3.3655999999999997,4.7563,3.8070999999999997,1.0186,4.186,4.9638,2.4513000000000003,2.5214000000000003,1.5888,1.2946,1.8240999999999998,2.3509,1.8845999999999998
8,52.092213,5.143399,7.200823783874512,14,19.77434858345092,79.81102141735131,5,0.0,0.0,0.0,0.0,0.0,0.0,0.0,0.0,0.0,2.8429,2.5412,2.5013,2.5845,4.1445,2.4391,2.8701,3.3961,3.097,1.2541,3.8217,2.8291,3.1055,2.6624,3.1599,1.4855,1.0172,3.249,4.5531999999999995,2.8691,3.6405,3.4911,3.467,5.5033,3.5444,3.8956,2.9579,3.7224,4.4005,2.3867,2.0505999999999998,2.789,1.4853,2.4776,3.8339000000000003,2.4895,2.0863,3.3164000000000002,2.0894,2.1806,3.8381999999999996,1.7663,1.5545,2.3658,1.3157999999999999,1.5292999999999999,1.5352999999999999,3.2962,3.9789,3.0547,1.4155,4.3485,2.9837,3.3581,3.6161,2.0495,3.2589,1.242,1.8520999999999999,3.6928,3.672,0.3727,1.2077,5.5033,3.1664,1.4302000000000001,1.537,2.6628000000000003,3.049,3.3323,3.6834000000000002,3.1906,3.0264,2.141,1.7937,1.2390999999999999,1.5985999999999998,4.546399999999999,2.2169,4.5019,4.2394,2.6612,4.071,4.490399999999999,3.7986,1.8177999999999999,3.1425,2.4956,1.8768,3.9935,0.3967
9,52.102664,5.12185,2.7835874557495117,12,7.833666187261645,38.834574472748216,5,0.0,0.0,0.0,0.0,0.0,0.0,0.0,0.0,0.0,0.0,2.4423000000000004,0.4904,2.7488,2.0941,3.325,0.1665,2.388,0.6546000000000001,1.7872000000000001,1.3228,3.0065999999999997,0.663,0.2419,2.588,2.6955999999999998,2.2273,2.6067,1.6783,2.6293,0.8116,0.9922000000000001,0.8731,3.486,1.0016,1.3712,1.5423,2.1484,2.3467,1.9394,2.0782,3.0187,2.6309,2.8874,2.817,2.5325,2.9723,1.2512,1.4832,1.5705,1.8226,2.6523000000000003,2.1838,0.6427999999999999,2.5259,1.5771,1.2490999999999999,0.7802,2.9707,3.8534,1.9487,2.0715,1.3642,4.1016,2.608,3.0283,3.4295999999999998,3.1271,3.7371999999999996,2.1188000000000002,1.6937,2.6532,1.7265,3.486,4.0079,1.6276,3.2131999999999996,0.7155,1.4230999999999998,0.5056,1.3115999999999999,3.7596,0.584,2.8777,2.9972,2.4492,1.4839,1.9455,2.9236999999999997,3.9259,2.6654,0.7049,3.054,3.9231,1.1743,2.4913000000000003,0.4125,0.3994,1.348,1.3214000000000001,2.8528000000000002
10,52.086147,5.117438,9.424893379211426,9,25.383983791137656,73.52050631935501,5,0.0,0.0,0.0,0.0,0.0,0.0,0.0,0.0,0.0,0.0,0.0,2.9355,0.5317000000000001,2.3601,1.4694,2.7675,1.0874000000000001,2.25,2.738,3.2006,0.5642999999999999,2.3402,2.7749,0.2983,3.001,2.5326999999999997,0.9686,3.1878,0.187,2.6029,2.9581,2.8326,3.7189,3.0206999999999997,3.3903000000000003,1.1735,1.938,2.616,0.7069,0.6846,0.5764,1.2811,0.6704,1.9041,0.4923,1.0545,1.8012000000000001,3.3401,1.0904,2.0536999999999996,1.2437,0.9867,3.1808,2.8313,1.4894,2.7884,2.7912,2.0490999999999997,1.4110999999999998,2.8995,2.5641,1.1993,1.7146,1.2691,1.2625,1.6153,2.0403,2.3002,1.9084,1.8876,1.9937,2.3979,3.7189,1.5229000000000001,1.9667000000000001,1.902,1.847,1.2646,2.3341,2.3346,1.5471,2.1883000000000004,0.8966000000000001,1.686,2.7546,1.9864000000000002,2.8139000000000003,0.8475,2.3971999999999998,2.455,3.2429,2.1412,2.3857,2.4043,1.2940999999999998,2.7119,2.6568,1.5994000000000002,3.3405,1.9392
11,52.102372,5.127251,2.2591841220855713,9,61.31503652103244,104.52363429899646,5,0.0,0.0,0.0,0.0,0.0,0.0,0.0,0.0,0.0,0.0,0.0,0.0,2.9442,2.6353,3.5663,0.516,2.7063,1.0928,1.4441,1.634,3.202,1.1013,0.30839999999999995,2.7834,2.3524000000000003,1.8842,2.8021,2.1992,2.8247,1.2834,1.3034000000000001,1.3448,4.2476,1.33,1.7201,1.8605999999999998,2.4667,2.8912,2.1348000000000003,2.3907,3.2140999999999997,2.6125,3.0828,3.1353,2.7279,3.2136,1.5695,0.9787,1.7659,2.3289,2.8935,2.1654,0.4744,2.1828000000000003,1.5587,0.906,1.1085999999999998,3.289,4.182,1.6056,2.5096999999999996,1.6825,4.285699999999999,2.9263000000000003,3.2346,3.6136999999999997,3.1088,3.7188000000000003,2.4371,2.1626999999999996,2.3101,1.3834000000000002,4.2476,4.293699999999999,1.2845,3.1948000000000003,1.0338,1.7414,0.9783,1.7499,3.9438,1.0222,3.1913,2.9788,2.106,1.1408,2.6129000000000002,3.3442,4.2442,2.9837,0.5873999999999999,3.3723,4.2414,1.6950999999999998,2.4729,0.8842000000000001,0.5607000000000001,1.5477,1.6497,2.5096999999999996
12,52.083166,5.121971,7.993052959442139,7,43.004548019518104,105.95662407723091,5,0.0,0.0,0.0,0.0,0.0,0.0,0.0,0.0,0.0,0.0,0.0,0.0,0.0,2.8668,0.9802000000000001,2.9421999999999997,1.6136,2.7567,2.8771,3.7073,0.41969999999999996,2.8468,2.9495999999999998,0.8249,3.14,2.6718,1.4948,3.6945,0.4612,3.1096,3.4648000000000003,3.3393,4.2256,3.5274,3.897,1.6802000000000001,2.4446999999999997,3.1227,0.8289,0.8237000000000001,0.3795,1.1572,0.2536,2.4303000000000003,0.2536,0.5654,2.3079,3.4791,1.2294,2.5604,1.0624,1.1257000000000001,3.1769000000000003,2.9704,1.6284,2.9274,3.2979000000000003,2.5751999999999997,1.3777000000000001,3.0385,3.0708,1.706,1.6810999999999998,1.7953,0.7734,1.5817999999999999,1.8154000000000001,1.8111,2.4151,2.3941999999999997,2.1327,2.537,4.2256,1.4894,2.1056999999999997,1.4129,1.9329,1.7712,2.8408,2.8413000000000004,1.5135999999999998,2.695,0.6578999999999999,1.1969,2.8935999999999997,2.0875,3.3205999999999998,0.4308,2.8249,2.9617,3.4177,2.6673,2.8133000000000004,2.911,1.4332,3.2186,2.5471999999999997,1.7384000000000002,3.8472,2.2161999999999997
13,52.099981,5.096503,1.779906988143921,9,61.224106518489506,94.05841751340182,5,0.0,0.0,0.0,0.0,0.0,0.0,0.0,0.0,0.0,0.0,0.0,0.0,0.0,0.0,3.8021,2.4831,2.1050999999999997,1.584,3.9479,1.7254,2.8971,1.6741,2.4905,2.498,4.4068000000000005,3.9386,2.408,1.6082,2.5198,1.7847,1.8482,2.1275999999999997,1.6697,1.9350999999999998,2.2414,1.2594,1.783,0.468,2.2548000000000004,2.7319,2.9092,3.5556,3.0031,2.4516,2.8251,3.3873,1.141,3.4825,2.2361,0.5334,3.5181999999999998,3.1926,2.8965,4.2372,2.6921,3.3518000000000003,1.9970999999999999,2.6878,3.7439,4.1094,0.6564,1.1694,3.8186,2.3251,3.5953000000000004,3.1466999999999996,4.1646,4.633,1.7534,0.5012,3.6933000000000002,3.4362,1.6697,3.725,3.1935,4.2348,1.8011,1.1402,1.8719000000000001,0.9643999999999999,3.4766999999999997,1.6531,3.2294,4.018800000000001,4.160399999999999,3.0496999999999996,0.9061,3.1803000000000003,3.5605,2.3001,2.9586,2.6886,3.5576999999999996,1.1551,3.5,2.2513,2.3724000000000003,2.6104000000000003,2.1915999999999998,3.6389
14,52.079222,5.13068,2.1047799587249756,13,0.9209138182904586,46.25026874698946,5,0.0,0.0,0.0,0.0,0.0,0.0,0.0,0.0,0.0,0.0,0.0,0.0,0.0,0.0,0.0,3.9591999999999996,2.9987,3.6151,3.0635,4.6189,1.7447000000000001,3.8114,3.9364,2.0755,2.5844,2.8266,2.8798000000000004,5.0796,1.7847,4.021199999999999,4.3765,4.372,5.610600000000001,4.5648,5.1511000000000005,3.0653,3.8298,4.5078000000000005,2.214,1.8702,1.7045,1.1442,1.3932,3.8154,1.4051,0.9526,3.693,3.8734,2.2759,3.9455,1.4617,1.5642,3.6628000000000003,3.1252,2.198,3.3217,4.3351999999999995,3.4593000000000003,1.9703,3.225,4.4559,3.0911,2.5391999999999997,3.1804,0.7679,2.1744,1.1949,0.8308,3.8001,3.7793,2.1820999999999997,2.9941,5.610600000000001,2.082,2.6665,0.8845,3.2068000000000003,3.1563000000000003,3.8781999999999996,4.2264,2.1062,3.7323000000000004,1.2312,0.778,3.0485,2.6483000000000003,4.7056000000000004,1.1325,3.4175,4.3468,3.972,3.7796999999999996,3.4059,4.2961,1.78,4.0931,3.5166999999999997,2.3636999999999997,4.8845,1.9417
15,52.103696,5.122615,3.47808837890625,7,52.6805698211103,87.98089438071139,5,0.0,0.0,0.0,0.0,0.0,0.0,0.0,0.0,0.0,0.0,0.0,0.0,0.0,0.0,0.0,0.0,2.5383,0.9248,1.8128,1.2067,3.1569000000000003,0.9332999999999999,0.2675,2.7383,2.7211999999999996,2.2529,2.757,1.8448,2.7796,0.9781,0.8762000000000001,0.8521,4.0796,0.9027000000000001,1.2723,1.6925999999999999,2.2986999999999997,2.7232,2.0896999999999997,2.2285,3.169,2.7783,3.0376999999999996,2.9673000000000003,2.6828000000000003,3.1226,1.4016,1.5088,1.7207999999999999,2.1609000000000003,2.8026,2.342,0.6684,2.5515,1.7245,1.2747,0.6812999999999999,3.121,4.0037,1.9743,2.3417,1.5145,4.2519,2.7583,3.1786,3.5799000000000003,3.2745,3.8846,2.2691,1.9947000000000001,2.6788000000000003,1.7521,4.0796,4.1582,1.6533,3.3606,0.8659,1.5734000000000001,0.6721,1.5819,3.91,0.8542000000000001,3.028,3.1445,2.4748,1.5095,2.112,3.0741,4.0762,2.8158000000000003,0.7305,3.2043000000000004,4.0734,1.3408,2.6494,0.4395,0.5468,1.4983,1.2225,2.8784
16,52.08869,5.107511,11.988161087036133,12,46.37309104531063,90.70572557933522,5,0.0,0.0,0.0,0.0,0.0,0.0,0.0,0.0,0.0,0.0,0.0,0.0,0.0,0.0,0.0,0.0,0.0,2.1704,3.3873,3.1209000000000002,1.3911,2.2605,2.6952,0.9713999999999999,3.6503,3.182,0.5691,3.1081,1.7398,2.5231999999999997,2.8785,2.753,2.899,2.9411,3.3106,0.8536,0.9927,2.5364,1.0008,1.4779,1.411,2.3016,2.2232,0.8509,2.0452,2.6073000000000004,1.7216,3.5885,1.4795999999999998,1.9741,2.2641999999999998,1.9385999999999999,3.1012,3.4806,1.9355,3.1314,2.7115,0.9957999999999999,2.1486,3.5488000000000004,2.4844,1.1196,1.9798,0.2694,2.8154,1.3079,3.0609,3.853,1.0885,1.8079,2.9366999999999996,2.7645,2.899,1.8862,2.3153,3.4549000000000003,1.7672999999999999,1.004,2.2545,2.255,1.6379000000000001,2.1086,2.4494000000000002,2.6679,3.4039,2.1306,2.7342,2.4004000000000003,1.6582000000000001,1.6351,3.1632,1.0879,1.9133,2.3245999999999998,2.2460999999999998,2.6323000000000003,2.5770999999999997,1.8539,3.2608,2.8823000000000003
17,52.100948,5.114045,3.6501500606536865,13,60.393788710301976,132.1176474031224,5,0.0,0.0,0.0,0.0,0.0,0.0,0.0,0.0,0.0,0.0,0.0,0.0,0.0,0.0,0.0,0.0,0.0,0.0,2.3881,1.2272,2.8129,0.0901,0.9307000000000001,2.4138,3.229,2.7608,2.3238000000000003,1.2741,2.4355,0.6295,0.9848,0.6643,2.8314,1.0546,1.4241,1.1750999999999998,1.756,1.6921,1.5762,1.8283,2.825,2.6637,2.5241,2.4246,2.3461,2.8359,0.678,1.9227,1.2437,1.1681,2.5116,2.2438000000000002,1.3367,3.0594,1.7464000000000002,1.7262,0.7838999999999999,2.6035999999999997,3.6597,2.5496,1.4169,0.997,3.7344,2.2409,2.8876,3.0625,3.2631,3.8731999999999998,1.7264000000000002,1.0391,2.7676,1.8,2.8314,3.6408,1.8246,3.246,0.4405,1.056,0.39,0.6571,3.3925,0.0691,2.7123000000000004,3.0299,2.9825999999999997,1.6807999999999998,1.5201,2.7013000000000003,3.5335,2.2731,1.3987,2.6616,3.5307,0.7723,2.5511999999999997,0.6673,0.8126,1.4001,1.3742999999999999,2.7374
18,52.099078,5.143535,7.157437801361084,14,71.1920388560908,132.46399146164768,5,0.0,0.0,0.0,0.0,0.0,0.0,0.0,0.0,0.0,0.0,0.0,0.0,0.0,0.0,0.0,0.0,0.0,0.0,0.0,2.8926999999999996,3.5265999999999997,2.3981,1.6052,3.0868,1.0825,0.6142000000000001,3.4387,3.4827,2.7231,2.5833000000000004,2.5369,2.4098,5.5103,2.5394,2.8906,2.965,3.7294,4.188,2.6391,2.303,3.4864,2.1826999999999996,3.1751,3.8409,2.7076,2.7838000000000003,2.8663000000000003,1.0844,2.4024,3.6256999999999997,2.4638,1.807,1.3608,0.9128999999999999,1.6336,0.7599,2.239,3.9859,3.7521999999999998,0.1615,3.8065,2.9907,4.0556,3.6231999999999998,2.8048,3.9563,2.0909,2.7009000000000003,3.6998,3.4595,1.0459,0.9609,5.5103,3.8639,1.3248,2.3859,2.4363,3.056,2.2751,3.0467,3.8881,2.319,2.8385,2.549,0.8159,1.4930999999999999,3.7498,2.9144,5.1994,4.2465,1.6562000000000001,4.078,5.1878,2.9919000000000002,2.0703,2.0853,1.8705999999999998,1.7161,2.9885,1.2455
19,52.107383,5.112302,1.5313360691070557,9,3.422063352774196,38.94389773628023,5,0.0,0.0,0.0,0.0,0.0,0.0,0.0,0.0,0.0,0.0,0.0,0.0,0.0,0.0,0.0,0.0,0.0,0.0,0.0,0.0,3.934,1.1131,1.3855,3.5349,3.6921,3.2238,3.4448000000000003,0.8813,3.5566,0.8235,0.3765,0.6558999999999999,2.8941,0.4634,0.7697,2.2962,2.8199,1.9357,2.6008,2.9109000000000003,3.9461,3.7462,3.5488000000000004,3.4885,3.3707,3.8605,1.6102,2.353,2.3261999999999996,1.764,3.5942,3.3263000000000003,1.4883,3.5225,2.829,2.2457,0.5255,3.7247,4.7808,2.9453,1.2383,1.9684000000000001,4.8555,3.3619,3.9701999999999997,4.1836,4.3457,4.9557,2.7903000000000002,1.635,3.5806999999999998,2.7525,2.8941,4.7619,2.637,4.3285,1.5231,2.1771,1.0359,1.1285,4.5136,1.2261,3.737,4.1125,3.4457,2.4933,1.1484,3.7259,4.5973999999999995,3.3369,1.4867000000000001,3.7255,4.594600000000001,0.8773,3.6336999999999997,1.0248,1.7054,2.4827,0.7199,3.7802
20,52.082497,5.117675,6.646393299102783,6,15.701966043871762,93.62245245739756,5,0.0,0.0,0.0,0.0,0.0,0.0,0.0,0.0,0.0,0.0,0.0,0.0,0.0,0.0,0.0,0.0,0.0,0.0,0.0,0.0,0.0,2.9609,3.3956999999999997,0.4869,3.774,3.3057,1.3404,3.8085999999999998,0.4318,3.2237,3.5789,3.4534000000000002,4.339600000000001,3.6415,4.0111,1.7943,2.4644,3.2368,1.0766,1.0544,0.1018,1.4203,0.3805,2.2759,0.5149,0.8285,2.422,4.113,1.4601,2.6745,1.3254000000000001,1.3564,3.8016,3.6043000000000003,1.8591,3.5614,3.412,2.4951,1.0061,3.6725,3.1849000000000003,1.8200999999999998,1.3095,1.6409,1.0365,1.2102,2.0785,2.0741,2.5291,2.5083,2.6871,3.2337,4.339600000000001,1.1178,2.3364000000000003,1.676,2.1806,1.8853,2.9549000000000003,2.9554,1.142,2.809,0.9329,1.4599000000000002,3.5276,2.3182,3.4347,0.6219,2.4533,3.0758,3.8636999999999997,2.8155,2.4417,3.0251,2.0197,3.3327,2.7949,1.9690999999999999,3.9613,2.4793000000000003
21,52.101553,5.114448,3.386457681655884,11,64.96180226305168,128.11205103105075,5,0.0,0.0,0.0,0.0,0.0,0.0,0.0,0.0,0.0,0.0,0.0,0.0,0.0,0.0,0.0,0.0,0.0,0.0,0.0,0.0,0.0,0.0,0.9407000000000001,2.5039000000000002,3.239,2.7706999999999997,2.4139,1.2610999999999999,2.5256999999999996,0.4726,0.8082,0.5341,2.9215999999999998,0.9244,1.2939,1.2652999999999999,1.8462,1.7823,1.6663,1.8383,2.9151,2.6736,2.6143,2.5147,2.4363,2.8416,0.7681,1.9327,1.2535999999999998,1.2582,2.5216,2.2537,1.3466,3.0693,1.7564000000000002,1.7361,0.6537000000000001,2.6936999999999998,3.7498,2.5596,1.507,1.0872,3.8245999999999998,2.331,2.8975999999999997,3.1526,3.2731,3.8830999999999998,1.8165,1.1292,2.7776,1.81,2.9215999999999998,3.7309,1.8345,3.2559,0.4505,1.1461,0.2729,0.7472000000000001,3.4827,0.07909999999999999,2.8025,3.0399000000000003,2.9926,1.6907999999999999,1.6102,2.7915,3.6237,2.3632,1.4087,2.7518000000000002,3.6209000000000002,0.8623999999999999,2.5610999999999997,0.6808,0.8226,1.4101,1.2441,2.7473
22,52.103316,5.124408,4.862508296966553,5,39.19868356320379,88.5270853020352,5,0.0,0.0,0.0,0.0,0.0,0.0,0.0,0.0,0.0,0.0,0.0,0.0,0.0,0.0,0.0,0.0,0.0,0.0,0.0,0.0,0.0,0.0,0.0,2.7457,2.5135,2.0453,2.7644,2.0385999999999997,2.787,1.0535999999999999,1.0549000000000002,1.115,4.087,1.0815,1.451,1.7,2.3061,2.7306,2.0970999999999997,2.2359,3.1764,2.7128,3.0450999999999997,2.9747,2.6902,3.13,1.409,1.2762,1.7282,2.1683000000000003,2.81,2.2657,0.43589999999999995,2.3439,1.659,1.0671,0.86,3.1284,4.0111,1.7667,2.3491,1.5219,4.2593000000000005,2.7657,3.3349,3.5873000000000004,3.209,3.8190999999999997,2.2765,2.0022,2.4711999999999996,1.5445,4.087,4.1657,1.4456,3.2950999999999997,0.8733,1.5808,0.8177000000000001,1.5893,3.9174,0.8616,3.0354,3.0791,2.2671,1.3019,2.4523,3.0815,4.0836,2.8232,0.49789999999999995,3.2118,4.0808,1.5345,2.5732,0.6183,0.3107,1.5475999999999999,1.4012,2.6708000000000003
23,52.085359,5.115797,7.319643974304199,6,5.730237167704466,70.04447673212891,5,0.0,0.0,0.0,0.0,0.0,0.0,0.0,0.0,0.0,0.0,0.0,0.0,0.0,0.0,0.0,0.0,0.0,0.0,0.0,0.0,0.0,0.0,0.0,0.0,3.1128,2.6445,0.8526,3.3378,0.289,2.7529,3.1081999999999996,2.9827,3.8689,3.1708000000000003,3.5403000000000002,1.3235999999999999,1.9766,2.7661,0.8187000000000001,0.7964,0.43960000000000005,1.3929,0.7122999999999999,1.7880999999999998,0.6041,1.1533,1.9513,3.4519,1.2022,2.2038,1.3555,1.0985,3.3309,2.9432,1.6012,2.9002,2.9413,1.9330999999999998,1.5099,3.0113000000000003,2.7142,1.3493,1.8134000000000001,1.1531,1.3613,1.6642000000000001,2.4034,2.399,2.0584000000000002,2.0376,2.1055,2.5096999999999996,3.8689,1.6217000000000001,2.0785,2.0008,1.7721,1.4145999999999999,2.4842,2.4846999999999997,1.6458,2.3383000000000003,1.0084,1.7848,2.8664,2.1228000000000002,2.9639,0.9594,2.2811999999999997,2.6050999999999997,3.3929,2.0251,2.2697,2.5544000000000002,1.4059000000000001,2.862,2.8068,1.7112,3.4905,2.051
24,52.093296,5.1476,3.919423818588257,12,81.71825423883274,141.9780207946169,5,0.0,0.0,0.0,0.0,0.0,0.0,0.0,0.0,0.0,0.0,0.0,0.0,0.0,0.0,0.0,0.0,0.0,0.0,0.0,0.0,0.0,0.0,0.0,0.0,0.0,0.6551,3.6700999999999997,4.519100000000001,2.9545,3.7665,3.4452,3.593,5.7417,3.4478,3.7989,3.1963000000000004,3.9608000000000003,4.6389,2.8705,2.5344,3.7178,2.4141,3.4065,4.0723,2.939,3.0151999999999997,3.4423000000000004,1.9928,2.6338000000000004,4.0766,2.6952,2.0384,2.2691,0.8712000000000001,1.865,1.6682000000000001,3.4221,4.2173,3.9836,1.244,4.5691999999999995,3.2220999999999997,4.287,3.8546,2.553,4.1876999999999995,1.5889000000000002,2.0639000000000003,3.9312,3.9104,1.2772999999999999,1.3697000000000001,5.7417,4.0953,1.5562,1.8839000000000001,2.7887,3.2874,3.2982,3.8093000000000004,4.1195,3.1524,3.0699,2.248,0.8769,1.7245,4.6723,3.1458000000000004,5.4308000000000005,4.4779,2.5645,4.309399999999999,5.4192,3.9245,2.3016,3.2684,2.7695,1.9475,3.8968000000000003,1.4769
25,52.096534,5.145123,1.4800068140029907,8,8.655065409175577,77.73729550462575,5,0.0,0.0,0.0,0.0,0.0,0.0,0.0,0.0,0.0,0.0,0.0,0.0,0.0,0.0,0.0,0.0,0.0,0.0,0.0,0.0,0.0,0.0,0.0,0.0,0.0,0.0,3.2018,4.0509,2.4863000000000004,3.2982,2.977,3.1247,5.2734,2.9795,3.3306,2.7281,3.4926,4.1706,2.4021999999999997,2.0662,3.2496,1.9459000000000002,2.9381999999999997,3.6041,2.4708,2.5469,2.974,1.5245,2.1656,3.6083000000000003,2.2269,1.5700999999999998,1.8008,0.4854,1.3968,1.1999000000000002,2.9539,3.749,3.5153000000000003,0.7757000000000001,4.100899999999999,2.7539000000000002,3.8186999999999998,3.3863000000000003,2.568,3.7195,1.854,2.4640999999999997,3.4629000000000003,3.4421,0.8091,0.9014,5.2734,3.627,1.0879,2.149,2.3204000000000002,2.8190999999999997,2.83,3.3411,3.6512,2.6841,2.6016,2.3121,0.22190000000000001,1.2562,4.2041,2.6775,4.9625,4.0096,2.0963000000000003,3.8411,4.951,3.4563,1.8334000000000001,2.8001,2.3011999999999997,1.4792,3.4286,1.0086
26,52.08653,5.107731,7.354464530944824,5,57.71562028800753,93.2815432692556,5,0.0,0.0,0.0,0.0,0.0,0.0,0.0,0.0,0.0,0.0,0.0,0.0,0.0,0.0,0.0,0.0,0.0,0.0,0.0,0.0,0.0,0.0,0.0,0.0,0.0,0.0,0.0,3.3566,1.147,2.7716999999999996,3.1269,3.0014000000000003,3.0498000000000003,3.1895,3.5591,1.1485999999999998,1.1436,2.7848,0.882,1.3591,1.2922,2.1828000000000003,1.6304,0.9355,1.4523,2.0145,1.97,3.5993000000000004,1.2143,2.2225,2.1454,1.8197999999999999,3.3495999999999997,3.4915,1.7434,3.1423,2.96,1.0805,1.6522999999999999,3.5597,2.7329,1.3680999999999999,1.4835999999999998,0.7901,2.2225,0.8116,2.942,3.2601999999999998,1.2392999999999998,2.0564,2.7445999999999997,2.7754000000000003,3.0498000000000003,1.3899000000000001,2.3261999999999996,2.862,1.7908,1.4334,2.5029,2.5034,1.1417,2.3571,1.8565999999999998,2.549,3.4147,2.1415,2.9827,1.8075,1.4287,1.786,3.4116999999999997,1.1725999999999999,1.4170999999999998,2.5730999999999997,2.1271999999999998,2.8807,2.8256,1.8648,3.5093,2.6900999999999997
27,52.109236,5.107165,4.512362957000732,12,8.665810602698476,75.65420603115784,5,0.0,0.0,0.0,0.0,0.0,0.0,0.0,0.0,0.0,0.0,0.0,0.0,0.0,0.0,0.0,0.0,0.0,0.0,0.0,0.0,0.0,0.0,0.0,0.0,0.0,0.0,0.0,0.0,3.4186,0.9197000000000001,0.9832000000000001,1.2626,2.756,1.0700999999999998,1.3764,2.1582,2.6818,1.7975999999999999,2.6268000000000002,3.0268,3.808,3.7214,3.9019,3.3504,3.7239,4.2861,1.4722,2.9596999999999998,2.4160999999999997,1.6259000000000001,3.684,3.2813000000000003,2.095,4.1292,3.0441,2.8524000000000003,1.1322,3.5866,4.6427,3.552,1.1002,1.9823,4.7174,3.2239,4.0601,4.0455,4.5608,5.1708,2.6521999999999997,1.497,4.065300000000001,3.0579,2.756,4.6238,3.0145999999999997,4.3037,1.7382,2.039,1.2209,0.9905,4.3755,1.3432,3.763,4.0877,4.0524000000000004,2.8708,1.0103,4.0790999999999995,4.4593,3.1988000000000003,2.0934,3.5874,4.4565,0.837,3.5888,1.3416,1.9205,2.6978,1.3266,4.035
28,52.084713,5.118845,7.910263538360596,11,45.60101644496783,122.53397744815732,5,0.0,0.0,0.0,0.0,0.0,0.0,0.0,0.0,0.0,0.0,0.0,0.0,0.0,0.0,0.0,0.0,0.0,0.0,0.0,0.0,0.0,0.0,0.0,0.0,0.0,0.0,0.0,0.0,0.0,2.8966999999999996,3.252,3.1265,4.0127,3.3146,3.6841,1.4673,2.2318000000000002,2.9099,0.6364,0.6141,0.38939999999999997,1.4594,0.42660000000000003,2.1845,0.4218,0.8675,2.0951,3.2696,1.0199,2.3476,1.3645,0.9162,2.9674,2.7608,1.4189,2.7179,3.085,2.3295,1.2242,2.829,2.8579,1.4930999999999999,1.5275999999999998,1.5495,1.0756,1.4283,2.1176,2.1132,2.2022,2.1814,1.9230999999999998,2.3274,4.0127,1.3359,1.8961,1.715,1.7403,1.5584,2.628,2.6285,1.3600999999999999,2.4821,0.8261000000000001,1.499,2.6841,1.8779000000000001,3.1077,0.777,2.6714,2.7489,3.5366999999999997,2.4215999999999998,2.6598,2.6980999999999997,1.2235999999999998,3.0058000000000002,2.3547,1.5289000000000001,3.6343,1.8687
29,52.10446,5.112474,3.2523770332336426,8,5.756095731328237,66.41075832208202,5,0.0,0.0,0.0,0.0,0.0,0.0,0.0,0.0,0.0,0.0,0.0,0.0,0.0,0.0,0.0,0.0,0.0,0.0,0.0,0.0,0.0,0.0,0.0,0.0,0.0,0.0,0.0,0.0,0.0,0.0,0.4929,0.21869999999999998,2.9325,0.609,0.9786,1.528,2.1341,1.9741,1.9822,2.3821999999999997,3.1778000000000004,3.1964,2.9301999999999997,2.8026999999999997,2.7521999999999998,3.242,1.0840999999999998,2.2912,1.7715999999999998,1.5740999999999998,3.0395,2.7765,1.4265999999999999,3.3136,2.2792,2.0368,0.3384,2.9565,4.0126,2.7364,1.2767,1.3499,4.0873,2.5936999999999997,3.4155,3.4153000000000002,3.7958000000000003,4.4059,2.1045,1.4452,3.3003,2.293,2.9325,3.9937,2.2496,3.7786999999999997,0.9732000000000001,1.4088,0.43239999999999995,1.0631,3.7454,0.5085,3.1184000000000003,3.5625999999999998,3.2369,2.1059,1.1867999999999999,3.1074,3.9116,2.6512,1.4249,3.0398,3.9088000000000003,0.4156,3.0839000000000003,0.4749,1.1556,1.9327999999999999,0.9288,3.2701
30,52.107178,5.113737,1.8392826318740845,9,9.199516512555162,65.6855278998623,5,0.0,0.0,0.0,0.0,0.0,0.0,0.0,0.0,0.0,0.0,0.0,0.0,0.0,0.0,0.0,0.0,0.0,0.0,0.0,0.0,0.0,0.0,0.0,0.0,0.0,0.0,0.0,0.0,0.0,0.0,0.0,0.32539999999999997,2.931,0.2007,0.5702,1.8832,2.4894000000000003,1.9726,2.3375,2.5803000000000003,3.5331,3.4156999999999997,3.2855,3.1579,3.1074,3.5836,1.4393,2.0408,1.9955999999999998,1.8009000000000002,3.2636,2.9957,1.1761,3.2103,2.4984,1.9335,0.19490000000000002,3.3116999999999996,4.3678,2.6330999999999998,1.2752000000000001,1.7050999999999998,4.4425,2.949,3.6395999999999997,3.7706,4.0151,4.625100000000001,2.4598,1.672,3.332,2.4053,2.931,4.3488999999999995,2.3064,3.9979,1.1925,1.7641,0.7052999999999999,1.1655,4.1006,0.8956000000000001,3.4737,3.7819000000000003,3.1335,2.1626999999999996,1.1854,3.4626,4.2669,3.0064,1.1745,3.395,4.2641,0.614,3.3032,0.6942,1.3748,2.1521,0.5204,3.5316
31,52.105561,5.113091,3.906111717224121,6,17.051092577032556,82.76139155554222,5,0.0,0.0,0.0,0.0,0.0,0.0,0.0,0.0,0.0,0.0,0.0,0.0,0.0,0.0,0.0,0.0,0.0,0.0,0.0,0.0,0.0,0.0,0.0,0.0,0.0,0.0,0.0,0.0,0.0,0.0,0.0,0.0,3.1553,0.4415,0.811,1.671,2.2771,2.1969000000000003,2.1252,2.3989000000000003,3.3208,3.2343,3.0732,2.9457,2.8952,3.4021999999999997,1.2606,2.0798,1.8143,1.7506,3.0822,2.8144,1.2152,3.1806,2.3171,1.9038,0.1708,3.0994,4.1555,2.6034,1.4994,1.4928,4.2302,2.7367,3.4581999999999997,3.5583,3.8337,4.4438,2.2475,1.6217000000000001,3.3079,2.3813,3.1553,4.1366000000000005,2.2824,3.8165999999999998,1.0111,1.5517999999999998,0.49389999999999995,1.2397,3.8883,0.5699,3.2614,3.6005,3.1039,2.1386,1.4096,3.2504,4.0546,2.7941,1.2135,3.1826999999999996,4.0518,0.6384,3.1218000000000004,0.5364,1.1934,1.9707000000000001,0.7612000000000001,3.308
32,52.098727,5.092443,1.616420030593872,11,40.23133105086515,81.70296387803546,5,0.0,0.0,0.0,0.0,0.0,0.0,0.0,0.0,0.0,0.0,0.0,0.0,0.0,0.0,0.0,0.0,0.0,0.0,0.0,0.0,0.0,0.0,0.0,0.0,0.0,0.0,0.0,0.0,0.0,0.0,0.0,0.0,0.0,3.1092,3.4155,2.5385,1.984,1.2378,3.5339,4.0109,4.1883,4.8347,4.2822,2.5204,4.1042,4.666399999999999,2.5318,4.9988,3.5151999999999997,2.1179,4.7973,4.4717,4.1341,5.5163,3.9711999999999996,4.7426,3.1712,2.7146999999999997,4.637899999999999,5.5001999999999995,1.7474,2.5581,4.0973999999999995,3.0052,4.8744,3.7971999999999997,5.4437,5.912100000000001,1.8105,1.989,4.9723999999999995,4.827,0.0,4.3755,4.351,5.5139,3.1919,2.5,3.26,2.2645999999999997,4.1272,2.9977,4.5084,5.297899999999999,5.4395,4.166300000000001,1.8155,4.4594,3.2005,1.3162,4.1325,2.6255,3.1976999999999998,2.4553000000000003,4.779100000000001,3.3807,3.7632,3.8895,3.3657,4.9178999999999995
33,52.107787,5.115231,2.4548168182373047,14,25.333072948906874,84.29974441207271,5,0.0,0.0,0.0,0.0,0.0,0.0,0.0,0.0,0.0,0.0,0.0,0.0,0.0,0.0,0.0,0.0,0.0,0.0,0.0,0.0,0.0,0.0,0.0,0.0,0.0,0.0,0.0,0.0,0.0,0.0,0.0,0.0,0.0,0.0,0.3695,1.9458,2.552,2.2561,2.3274,2.5916,3.5957,3.427,3.2754000000000003,3.2205,3.0973,3.595,1.64,2.1801,2.007,2.0844,3.2749,3.0071,1.1785999999999999,3.2128,2.6071999999999997,1.936,0.311,3.3743000000000003,4.4304,2.6355999999999997,1.5587,1.7677,4.5051000000000005,3.0116,3.651,3.8331999999999997,4.316,4.926,2.5224,1.9555,3.271,2.4428,3.2145,4.4115,2.333,4.0093000000000005,1.2038,1.8267,0.7167,1.449,4.1632,0.9068999999999999,3.3061,3.7933000000000003,3.1361,2.1892,1.4687999999999999,3.4525,4.3295,3.069,1.177,3.4576,4.3267,0.8147000000000001,3.3145,0.6137,1.3607,2.1635,0.31980000000000003,3.4706
34,52.109234,5.119197,1.9889614582061768,14,7.173145066273234,72.81469200516209,5,0.0,0.0,0.0,0.0,0.0,0.0,0.0,0.0,0.0,0.0,0.0,0.0,0.0,0.0,0.0,0.0,0.0,0.0,0.0,0.0,0.0,0.0,0.0,0.0,0.0,0.0,0.0,0.0,0.0,0.0,0.0,0.0,0.0,0.0,0.0,2.7916,3.3153,2.431,2.6969000000000003,2.9612,4.4414,4.0675,3.6449000000000003,3.9838,3.4669,3.9645,2.1056,1.9210999999999998,2.3766,2.2593,3.6445,3.6204,1.6302,3.5794,3.0136999999999996,2.3026,0.6805,4.22,5.2761000000000005,3.0021999999999998,1.7335999999999998,2.1373,5.350899999999999,3.8573000000000004,4.0205,4.6789,4.682600000000001,5.2926,3.2856,2.1304000000000003,3.6376,2.8094,3.3894,5.2572,2.7395,4.9775,1.5734000000000001,2.6724,1.0862,1.6239000000000001,5.009,1.2765,3.6755999999999998,4.4337,3.5027,2.5957,1.6438,3.8221,5.0927,3.8323,1.3269000000000002,4.220899999999999,5.089899999999999,1.3727,3.9279,0.9832000000000001,1.7303,2.533,0.3158,3.8371999999999997
35,52.094554,5.108972,4.426905155181885,15,2.644138013645936,71.81844053782592,5,0.0,0.0,0.0,0.0,0.0,0.0,0.0,0.0,0.0,0.0,0.0,0.0,0.0,0.0,0.0,0.0,0.0,0.0,0.0,0.0,0.0,0.0,0.0,0.0,0.0,0.0,0.0,0.0,0.0,0.0,0.0,0.0,0.0,0.0,0.0,0.0,0.7576,1.5684,1.0628,1.5399,1.7172,2.3636,1.8111,1.2835,1.6331,2.1953,0.7536,2.7192,1.0442,1.0061,2.3261999999999996,2.0006,2.1332,3.0452,1.5001,2.696,1.7435,1.4285,2.5519000000000003,3.1134,1.5164000000000002,0.15159999999999998,2.5593000000000004,1.0657,2.4033,1.8873,2.9726,3.441,0.728,0.8399,2.5013,2.3291,2.5385,2.4657,1.8799000000000001,3.0428,1.0378,0.1504,1.2865,1.287,2.2174,1.1405999999999998,2.0374,2.8268,2.9684,1.6952,1.7662,1.9883,2.0909,1.2746,2.1952,1.5205,2.0881,1.3565999999999998,2.308,1.6643,1.6091,1.4185,2.2928,2.4469000000000003
36,52.09425,5.102069,3.7058181762695312,15,68.1492053214121,100.95395429227405,5,0.0,0.0,0.0,0.0,0.0,0.0,0.0,0.0,0.0,0.0,0.0,0.0,0.0,0.0,0.0,0.0,0.0,0.0,0.0,0.0,0.0,0.0,0.0,0.0,0.0,0.0,0.0,0.0,0.0,0.0,0.0,0.0,0.0,0.0,0.0,0.0,0.0,2.0718,1.757,2.2340999999999998,2.4114,3.0578000000000003,2.5053,1.2083,2.3273,2.8895,1.2701,3.3019000000000003,1.7383,1.5095,3.0204,2.6948000000000003,2.7158,3.7394000000000003,2.1943,3.1711,2.3261999999999996,1.5411,2.7263,3.9286999999999996,2.0199000000000003,0.7812,2.5575,1.1360999999999999,3.0975,1.8856,3.6668000000000003,4.1352,0.2023,1.3433,3.1955,3.0233000000000003,1.984,2.4639,2.5741,3.737,1.6204,0.7231000000000001,1.8691,1.7904,2.2156,1.8073,2.7316,3.521,3.6626,2.3894,2.2696,2.6825,2.193,0.7202000000000001,2.7779000000000003,1.5063,2.1902,1.9810999999999999,3.0021999999999998,2.2469,2.1918,2.1126,3.1848,3.1411
37,52.101016,5.094371,2.0214028358459473,6,94.32065824618854,174.18248597771264,5,0.0,0.0,0.0,0.0,0.0,0.0,0.0,0.0,0.0,0.0,0.0,0.0,0.0,0.0,0.0,0.0,0.0,0.0,0.0,0.0,0.0,0.0,0.0,0.0,0.0,0.0,0.0,0.0,0.0,0.0,0.0,0.0,0.0,0.0,0.0,0.0,0.0,0.0,2.5071999999999997,2.9843,3.1616999999999997,3.808,3.2556,2.7041,3.0776,3.6398,1.3935,3.735,2.4886,0.8803,3.7706999999999997,3.445,3.149,4.4897,2.9446,3.6043000000000003,2.2034000000000002,2.9403,3.9964,4.3618999999999994,0.6089,1.4219000000000002,4.0710999999999995,2.5776,3.8478000000000003,3.3992,4.4171000000000005,4.8854,2.0059,0.8507,3.9458,3.6887,1.2378,3.9775,3.4459,4.4873,2.0536,1.3927,2.0781,1.1705999999999999,3.7291999999999996,1.8594000000000002,3.4818000000000002,4.271199999999999,4.4129,3.3022,0.8587,3.4328000000000003,3.813,1.8579,3.211,2.9411,3.8102,1.3613,3.7525,2.4575,2.6249000000000002,2.8629000000000002,2.3979,3.8913
38,52.089277,5.118078,8.762815475463867,9,12.068659180105524,68.83717276757739,5,0.0,0.0,0.0,0.0,0.0,0.0,0.0,0.0,0.0,0.0,0.0,0.0,0.0,0.0,0.0,0.0,0.0,0.0,0.0,0.0,0.0,0.0,0.0,0.0,0.0,0.0,0.0,0.0,0.0,0.0,0.0,0.0,0.0,0.0,0.0,0.0,0.0,0.0,0.0,0.4967,1.0258,1.3204,0.9676,1.8175,0.7896,1.2792999999999999,1.7018,2.9320999999999997,0.4586,1.9543,1.283,0.9574,2.4694000000000003,2.6083000000000003,0.9877,2.475,2.1548000000000003,1.9625,1.8605999999999998,2.6764,2.4646999999999997,1.0999,2.164,1.1825,1.4874,1.6936,2.0797,2.4226,1.8089000000000002,1.7880999999999998,1.9644000000000001,1.8922,3.6194,1.9723,1.4609,1.9027,1.1235,1.1650999999999998,1.6978,2.2352,2.0237,1.5519,1.1558,1.6865999999999999,2.5315,1.4742,2.7144,1.1448,2.3106999999999998,2.3556,2.6083000000000003,2.0545999999999998,2.2990999999999997,2.3049,1.2648,2.0756,1.7379,0.9723999999999999,2.8421999999999996,1.9099000000000002
39,52.087938,5.123132,10.28310489654541,9,24.687034356116342,73.95611678281699,5,0.0,0.0,0.0,0.0,0.0,0.0,0.0,0.0,0.0,0.0,0.0,0.0,0.0,0.0,0.0,0.0,0.0,0.0,0.0,0.0,0.0,0.0,0.0,0.0,0.0,0.0,0.0,0.0,0.0,0.0,0.0,0.0,0.0,0.0,0.0,0.0,0.0,0.0,0.0,0.0,1.0087000000000002,0.8874,0.9811,2.2946,0.6037,1.0171000000000001,2.1955999999999998,2.5822,0.5791000000000001,2.4480999999999997,0.85,0.6214,2.3804000000000003,2.466,0.8319,2.0305,2.364,2.4396,1.8295,2.5342,2.9585,1.5937000000000001,2.1329000000000002,1.6596,1.2261,2.1706999999999996,1.6467,1.9895999999999998,2.3028000000000004,2.282,1.6282999999999999,1.7405,4.113300000000001,1.9412,1.3092000000000001,1.4697,1.3897,1.659,1.9069,2.3406,1.9654,1.7610999999999999,0.7594,1.2537,2.3893,1.291,3.2083000000000004,0.8054,2.7876999999999996,2.8494,2.6896,2.5317,2.7762,2.4559,0.9288,2.4266,1.8978,0.942,2.9133,1.5739
40,52.082612,5.118165,7.567897796630859,5,90.31891254673695,146.51332753995774,5,0.0,0.0,0.0,0.0,0.0,0.0,0.0,0.0,0.0,0.0,0.0,0.0,0.0,0.0,0.0,0.0,0.0,0.0,0.0,0.0,0.0,0.0,0.0,0.0,0.0,0.0,0.0,0.0,0.0,0.0,0.0,0.0,0.0,0.0,0.0,0.0,0.0,0.0,0.0,0.0,0.0,1.3644,0.3404,2.2289,0.4747,0.7726000000000001,2.3819,4.0572,1.4199000000000002,2.6343,1.2695999999999998,1.3162,3.7614,3.5484,1.8189000000000002,3.5055,3.3718000000000004,2.6182,1.1292,3.6166,3.1447,1.7799,1.4325999999999999,1.5939,0.9806,1.3334000000000001,2.0225999999999997,2.0183,2.489,2.4682,2.6313,2.7275,4.2995,1.2409000000000001,2.2962,1.6200999999999999,2.1404,1.8452,2.9147,2.9152,1.2651,2.7689,0.877,1.4041,3.4717,2.278,3.3945,0.5817,2.5764,3.0356,3.8235,2.4659,2.5649,2.9849,1.9638,3.2925,2.7546999999999997,1.929,3.9211,2.4234
41,52.085132,5.1303,6.250580787658691,6,36.46691141872913,86.53958056756144,5,0.0,0.0,0.0,0.0,0.0,0.0,0.0,0.0,0.0,0.0,0.0,0.0,0.0,0.0,0.0,0.0,0.0,0.0,0.0,0.0,0.0,0.0,0.0,0.0,0.0,0.0,0.0,0.0,0.0,0.0,0.0,0.0,0.0,0.0,0.0,0.0,0.0,0.0,0.0,0.0,0.0,0.0,1.0287,3.1176,1.0407,0.6375,2.6779,2.7291999999999996,1.3353,3.2711,0.31739999999999996,0.4199,2.5185999999999997,2.2204,1.0537999999999998,2.1775,3.191,3.0948,1.6058,2.2885999999999997,3.7815,2.4166999999999996,1.9093,2.4825999999999997,0.6221,1.81,0.7957000000000001,1.1022,3.1258000000000004,3.105,1.3033,1.8499,4.9363,1.7176,1.5223,0.5822999999999999,2.0625999999999998,2.482,2.7339,3.0449,1.7418,2.5881,0.6922,0.36619999999999997,2.1437,1.5041,3.9079,0.7681,3.0530999999999997,3.6724,2.8276999999999997,3.4153000000000002,3.0415,3.1601,0.6357999999999999,2.9489,2.3725,1.2194,3.7403000000000004,1.0954000000000002
42,52.08185,5.121326,7.084325790405273,15,36.60085072766483,97.90043521734906,5,0.0,0.0,0.0,0.0,0.0,0.0,0.0,0.0,0.0,0.0,0.0,0.0,0.0,0.0,0.0,0.0,0.0,0.0,0.0,0.0,0.0,0.0,0.0,0.0,0.0,0.0,0.0,0.0,0.0,0.0,0.0,0.0,0.0,0.0,0.0,0.0,0.0,0.0,0.0,0.0,0.0,0.0,0.0,2.5689,0.39230000000000004,0.4585,2.4466,3.7431,1.3680999999999999,2.6991,0.9555,1.4338,3.3156,3.2343,1.767,3.1914000000000002,3.4365,2.7598000000000003,1.2708,3.3025,3.2094,1.8446,1.5742,1.9339000000000002,0.6665,1.4749,1.7085,1.7042,2.5536999999999996,2.5329,2.3171999999999997,2.8636999999999997,4.364199999999999,1.3825,2.2443,1.306,2.0715,1.9099000000000002,2.9795,2.98,1.4067,2.8336,0.5438,1.09,3.1576,2.2260999999999997,3.4591999999999996,0.32389999999999997,2.718,3.1004,3.5563000000000002,2.806,2.7064,3.0496999999999996,1.6497,3.3573000000000004,2.6859,1.8771,3.9858000000000002,2.1093
43,52.086458,5.099511,3.689582347869873,15,34.809958028500056,107.40858031537147,5,0.0,0.0,0.0,0.0,0.0,0.0,0.0,0.0,0.0,0.0,0.0,0.0,0.0,0.0,0.0,0.0,0.0,0.0,0.0,0.0,0.0,0.0,0.0,0.0,0.0,0.0,0.0,0.0,0.0,0.0,0.0,0.0,0.0,0.0,0.0,0.0,0.0,0.0,0.0,0.0,0.0,0.0,0.0,0.0,2.4751,2.8470999999999997,2.0604,4.0184,1.9095,2.2996999999999996,3.3441,2.7553,3.5061,3.9105,2.3654,3.5613,3.1165,0.3625,2.2738,3.9787,2.8101,1.5715,1.7704000000000002,1.0719,3.0551999999999997,1.6453,4.0972,4.0928,1.4117,2.1336,3.3666,3.1944,2.5948,2.0654,2.7451999999999996,3.6946999999999997,2.1971999999999996,1.5134,2.6594,2.5806,1.6823,2.5975,2.8793,3.4785999999999997,3.8338,2.5605,3.0599000000000003,2.8303000000000003,0.8735,1.221,3.5682,0.237,0.8707,2.7714000000000003,3.0628,3.0372,2.982,2.2838000000000003,3.9751,3.3122
44,52.083876,5.122219,9.152848243713379,13,37.993062023463196,109.94548033191586,5,0.0,0.0,0.0,0.0,0.0,0.0,0.0,0.0,0.0,0.0,0.0,0.0,0.0,0.0,0.0,0.0,0.0,0.0,0.0,0.0,0.0,0.0,0.0,0.0,0.0,0.0,0.0,0.0,0.0,0.0,0.0,0.0,0.0,0.0,0.0,0.0,0.0,0.0,0.0,0.0,0.0,0.0,0.0,0.0,0.0,0.4843,2.2685999999999997,3.2708000000000004,1.0211000000000001,2.521,0.7153999999999999,0.9174,2.9686,2.7620999999999998,1.4201,2.7191,2.806,2.5359000000000003,1.2966,2.8301999999999996,3.0314,1.6665999999999999,1.6000999999999999,1.7559,0.6924,1.5008,1.512,1.73,2.3756999999999997,2.3549,1.9244,2.3286,4.1861999999999995,1.4084,1.8974000000000002,1.3317999999999999,1.8317,1.7319,2.3489,2.8019000000000003,1.4325,2.203,0.4043,1.119,2.6853000000000002,1.8792,3.2811999999999997,0.3359,2.7439,2.9223000000000003,3.2778,2.628,2.7323000000000004,2.8716,1.2247999999999999,2.7266999999999997,2.4074,1.5301,3.3553,1.8117999999999999
45,52.08109,5.125532,4.940976142883301,7,31.52437982129166,81.43267161345116,5,0.0,0.0,0.0,0.0,0.0,0.0,0.0,0.0,0.0,0.0,0.0,0.0,0.0,0.0,0.0,0.0,0.0,0.0,0.0,0.0,0.0,0.0,0.0,0.0,0.0,0.0,0.0,0.0,0.0,0.0,0.0,0.0,0.0,0.0,0.0,0.0,0.0,0.0,0.0,0.0,0.0,0.0,0.0,0.0,0.0,0.0,2.7516,3.2845999999999997,1.3346,3.0040999999999998,0.497,0.9753,3.074,2.7759,1.6092,2.7329,3.1194,2.5179,1.0289000000000001,2.844,3.5145,2.1496999999999997,1.3323,2.239,0.208,1.2330999999999999,1.2501,1.2457,2.8588,2.838,1.8587,2.4053,4.6693,1.1405999999999998,2.0776999999999997,0.8475,2.1451,2.215,2.6624,3.285,1.1648,2.5165,0.2898,0.6315,2.6991,2.0595,3.7643,0.1911,2.4760999999999997,3.4054,3.3832,2.8383000000000003,2.4646,3.3547,1.1912,3.2266999999999997,2.6979,1.7421,3.6687,1.6509
46,52.098519,5.108856,5.181958198547363,8,75.8018541486566,113.14278078625851,5,0.0,0.0,0.0,0.0,0.0,0.0,0.0,0.0,0.0,0.0,0.0,0.0,0.0,0.0,0.0,0.0,0.0,0.0,0.0,0.0,0.0,0.0,0.0,0.0,0.0,0.0,0.0,0.0,0.0,0.0,0.0,0.0,0.0,0.0,0.0,0.0,0.0,0.0,0.0,0.0,0.0,0.0,0.0,0.0,0.0,0.0,0.0,2.417,1.4367999999999999,0.8181,2.7048,2.302,1.831,3.2898,1.9768,2.2863,1.2697,2.0073,3.0634,3.0439000000000003,1.1387,0.455,3.1381,1.6445999999999998,2.9148,2.4661999999999997,3.4935,4.1036,1.2365,0.652,2.998,2.3707,2.5198,3.0445,2.128,3.3244000000000002,0.7356,0.4597,0.8553,0.5283,2.7962,0.6366,2.5488000000000004,3.1084,3.213,1.9842,1.3913,2.4998,3.0436,1.7832000000000001,1.893,2.1718,3.0408000000000004,0.6435,2.6095,1.2347000000000001,1.3069000000000002,1.6067,2.0104,2.9678
47,52.105353,5.135836,3.9267847537994385,6,53.626031139591426,88.90659267697374,5,0.0,0.0,0.0,0.0,0.0,0.0,0.0,0.0,0.0,0.0,0.0,0.0,0.0,0.0,0.0,0.0,0.0,0.0,0.0,0.0,0.0,0.0,0.0,0.0,0.0,0.0,0.0,0.0,0.0,0.0,0.0,0.0,0.0,0.0,0.0,0.0,0.0,0.0,0.0,0.0,0.0,0.0,0.0,0.0,0.0,0.0,0.0,0.0,2.6306,3.1603000000000003,3.0351,2.3783000000000003,0.7312000000000001,1.8259,1.8645999999999998,0.5491,1.8560999999999999,4.214,4.3235,1.2487000000000001,3.5562,2.5139,4.6269,3.8513,3.3761,4.5276000000000005,2.929,3.5391,3.2685,2.9941,1.8840999999999999,1.0559,5.212,4.4352,1.1838,3.224,1.8652,2.5728,1.8097,2.5813,4.4594,1.8536,3.4098,3.1203000000000003,1.7490999999999999,1.5372999999999999,3.4663000000000004,3.4857,5.0756000000000006,3.8150999999999997,0.9586,4.2036999999999995,5.0728,2.5649,2.6415,1.7024000000000001,1.3026,1.9442000000000002,1.9925,2.0836
48,52.091839,5.120286,11.554669380187988,7,46.4814691276193,104.59024790998274,5,0.0,0.0,0.0,0.0,0.0,0.0,0.0,0.0,0.0,0.0,0.0,0.0,0.0,0.0,0.0,0.0,0.0,0.0,0.0,0.0,0.0,0.0,0.0,0.0,0.0,0.0,0.0,0.0,0.0,0.0,0.0,0.0,0.0,0.0,0.0,0.0,0.0,0.0,0.0,0.0,0.0,0.0,0.0,0.0,0.0,0.0,0.0,0.0,0.0,1.9356,1.3296,0.9295,2.1104000000000003,2.3112,0.6906,2.116,1.7775,2.0763000000000003,2.2699000000000003,2.3794,2.4459,1.0811,2.6979,1.5148,1.7057,2.0259,2.1263,2.4692,1.7902,1.7694,1.6918,1.5951,3.6007,2.3815999999999997,1.1638,1.9493,0.8032,1.1464,1.3204,1.7892000000000001,2.356,1.1745999999999999,1.3159,1.7333,2.2345,1.1153,2.6521999999999997,1.3619,2.643,2.3369,2.2493000000000003,2.1684,2.6314,1.9044,1.237,1.6982000000000002,1.3789,0.5776,2.3268,1.6374000000000002
49,52.098012,5.102615,2.742464303970337,7,92.81369465663109,129.97835766968228,5,0.0,0.0,0.0,0.0,0.0,0.0,0.0,0.0,0.0,0.0,0.0,0.0,0.0,0.0,0.0,0.0,0.0,0.0,0.0,0.0,0.0,0.0,0.0,0.0,0.0,0.0,0.0,0.0,0.0,0.0,0.0,0.0,0.0,0.0,0.0,0.0,0.0,0.0,0.0,0.0,0.0,0.0,0.0,0.0,0.0,0.0,0.0,0.0,0.0,0.0,2.9848000000000003,2.6592,2.3630999999999998,3.7038,2.1586999999999996,2.8184,1.7390999999999999,2.1544,3.2105,3.576,1.0251,0.636,3.2851999999999997,1.7917,3.0619,2.6133,3.6311999999999998,4.099600000000001,1.22,0.12890000000000001,3.1599,2.9028,2.0821,3.1915999999999998,2.6601,3.7014,1.2677,0.6068,1.3248,0.7956,2.9433000000000002,1.106,2.6959,3.4854000000000003,3.627,2.5163,1.2749000000000001,2.6469,3.0271,1.7666,2.4252,2.1552,3.0243,0.9863,2.9666,1.7042,1.839,2.077,2.1900999999999997,3.1054
50,52.083306,5.127243,7.7759013175964355,6,78.92242777917068,120.59837274545912,5,0.0,0.0,0.0,0.0,0.0,0.0,0.0,0.0,0.0,0.0,0.0,0.0,0.0,0.0,0.0,0.0,0.0,0.0,0.0,0.0,0.0,0.0,0.0,0.0,0.0,0.0,0.0,0.0,0.0,0.0,0.0,0.0,0.0,0.0,0.0,0.0,0.0,0.0,0.0,0.0,0.0,0.0,0.0,0.0,0.0,0.0,0.0,0.0,0.0,0.0,0.0,0.701,2.7996,2.5015,1.3348,2.4585,3.1945,3.0,1.511,2.5696,3.7441,2.3793,1.8144,2.4452,0.5986,1.7152,1.0767,1.4196,3.0884,3.0676,1.5843,2.1309,4.898899999999999,1.6227,1.8033,0.8997,2.1201999999999996,2.4446,2.7374,3.1025,1.6469,2.5915,0.6547999999999999,0.6837000000000001,2.4246999999999996,1.7851,3.9939,0.6732,2.9581999999999997,3.6351,3.1088,3.3204000000000002,2.9467,3.2177,0.9168,2.9523,2.4235,1.4677,3.7437,1.3765
51,52.088573,5.129011,5.978504180908203,7,40.24008110436387,87.2991929309838,5,0.0,0.0,0.0,0.0,0.0,0.0,0.0,0.0,0.0,0.0,0.0,0.0,0.0,0.0,0.0,0.0,0.0,0.0,0.0,0.0,0.0,0.0,0.0,0.0,0.0,0.0,0.0,0.0,0.0,0.0,0.0,0.0,0.0,0.0,0.0,0.0,0.0,0.0,0.0,0.0,0.0,0.0,0.0,0.0,0.0,0.0,0.0,0.0,0.0,0.0,0.0,0.0,2.0803000000000003,1.8447,0.6067,1.8017,2.7711,2.8984,1.9894,1.9128,3.2713,1.9065,2.2928,2.1185,1.042,2.1935,1.1277000000000001,1.5221,2.6155,2.5947,1.007,1.4741,4.426,2.1010999999999997,1.084,1.0022,1.6427,1.9717,2.314,2.625,2.1253,2.1681999999999997,1.0757,0.7862,1.7679,1.0657999999999999,3.488,1.1516,3.4366,3.1622,2.3894,2.9905,3.425,2.7401999999999997,0.30739999999999995,2.529,1.8785999999999998,0.7995,3.3204000000000002,0.9525
52,52.104391,5.128686,3.9665255546569824,10,94.00754158994745,170.25880131123347,5,0.0,0.0,0.0,0.0,0.0,0.0,0.0,0.0,0.0,0.0,0.0,0.0,0.0,0.0,0.0,0.0,0.0,0.0,0.0,0.0,0.0,0.0,0.0,0.0,0.0,0.0,0.0,0.0,0.0,0.0,0.0,0.0,0.0,0.0,0.0,0.0,0.0,0.0,0.0,0.0,0.0,0.0,0.0,0.0,0.0,0.0,0.0,0.0,0.0,0.0,0.0,0.0,0.0,2.0342000000000002,1.4463,0.7574,1.0194,3.5442,4.0695,1.457,2.4789,1.9376,4.373,3.1815,3.1222,3.9695,3.1373,3.7474000000000003,2.6923000000000004,2.4179,2.0924,1.2642,4.1347,4.1813,1.1721,3.0824000000000003,1.289,1.9966,1.2334,2.005,4.2055,1.2774,3.0789,2.8664,1.9574,1.0284,2.389,3.2318000000000002,4.4994,3.2389,0.30910000000000004,3.6275,4.4966,1.7282,2.3605,0.8657,0.7213999999999999,1.4353,1.5862,2.2919
53,52.09582,5.147461,1.9993783235549927,12,32.37084706757349,68.6409524884537,5,0.0,0.0,0.0,0.0,0.0,0.0,0.0,0.0,0.0,0.0,0.0,0.0,0.0,0.0,0.0,0.0,0.0,0.0,0.0,0.0,0.0,0.0,0.0,0.0,0.0,0.0,0.0,0.0,0.0,0.0,0.0,0.0,0.0,0.0,0.0,0.0,0.0,0.0,0.0,0.0,0.0,0.0,0.0,0.0,0.0,0.0,0.0,0.0,0.0,0.0,0.0,0.0,0.0,0.0,1.6954,1.4986,3.2525,4.0476,3.8139000000000003,0.7405,4.3995,3.0525,4.1173,3.6849000000000003,2.8666,4.0181,2.1526,2.7626999999999997,3.7616,3.7408,1.1077000000000001,1.2001,5.572100000000001,3.9255999999999998,1.3865,2.4476,2.6191,3.1178000000000003,3.1286,3.6397,3.9498,2.9827,2.9003,2.6107,0.5671,1.5549000000000002,4.5027,2.9762,5.261100000000001,4.3082,2.3949000000000003,4.1396999999999995,5.2496,3.7549,2.132,3.0987,2.5999,1.7778,3.7272,1.3073
54,52.093065,5.128099,5.588370323181152,10,77.75676604174386,111.64517834085606,5,0.0,0.0,0.0,0.0,0.0,0.0,0.0,0.0,0.0,0.0,0.0,0.0,0.0,0.0,0.0,0.0,0.0,0.0,0.0,0.0,0.0,0.0,0.0,0.0,0.0,0.0,0.0,0.0,0.0,0.0,0.0,0.0,0.0,0.0,0.0,0.0,0.0,0.0,0.0,0.0,0.0,0.0,0.0,0.0,0.0,0.0,0.0,0.0,0.0,0.0,0.0,0.0,0.0,0.0,0.0,1.3249000000000002,2.2986,2.5029,2.6231999999999998,1.7663,2.8725,1.5077,2.9266,2.1401,1.6759000000000002,2.5486,1.55,2.1601,2.2168,2.196,1.0787,0.982,4.0273,2.7349,0.5507000000000001,1.6360999999999999,1.332,1.573,1.8415,2.2263,2.7591,1.6956,1.6314000000000002,1.42,1.6214000000000002,0.4318,3.0893,1.7855,3.1656,2.7635,1.7555,2.595,3.1541,2.3415,0.9141,2.0564,1.4061,0.4008,2.8478000000000003,1.0243
55,52.101032,5.136357,3.658721923828125,6,46.1533642298383,80.5638422443565,5,0.0,0.0,0.0,0.0,0.0,0.0,0.0,0.0,0.0,0.0,0.0,0.0,0.0,0.0,0.0,0.0,0.0,0.0,0.0,0.0,0.0,0.0,0.0,0.0,0.0,0.0,0.0,0.0,0.0,0.0,0.0,0.0,0.0,0.0,0.0,0.0,0.0,0.0,0.0,0.0,0.0,0.0,0.0,0.0,0.0,0.0,0.0,0.0,0.0,0.0,0.0,0.0,0.0,0.0,0.0,0.0,2.0006,3.6624,3.769,0.9214,3.5681,2.3971,4.0725,3.2996999999999996,2.8217,3.9732,2.3548,2.9648000000000003,3.1517,2.8774,1.3099,0.5015,4.9622,3.8808000000000002,0.8376,2.6498000000000004,1.7655999999999998,2.456,2.0367,2.8083,3.905,2.0806,2.8554,2.5659,1.4218,1.0775,3.6713,2.9313000000000002,4.3248,3.6984,1.1180999999999999,3.7545,4.5323,2.7535,2.0871,1.8469,1.2,1.3925999999999998,2.4504,1.5094
56,52.105991,5.115031,6.522043228149414,8,60.443032421054596,113.83211746703162,5,0.0,0.0,0.0,0.0,0.0,0.0,0.0,0.0,0.0,0.0,0.0,0.0,0.0,0.0,0.0,0.0,0.0,0.0,0.0,0.0,0.0,0.0,0.0,0.0,0.0,0.0,0.0,0.0,0.0,0.0,0.0,0.0,0.0,0.0,0.0,0.0,0.0,0.0,0.0,0.0,0.0,0.0,0.0,0.0,0.0,0.0,0.0,0.0,0.0,0.0,0.0,0.0,0.0,0.0,0.0,0.0,0.0,3.1448,4.2009,2.4326,1.5155999999999998,1.5382,4.275600000000001,2.782,3.4215,3.6037,3.797,4.407,2.2928,1.7156,3.1370999999999998,2.2104,3.1714,4.182,2.1115,3.7798000000000003,0.9742999999999999,1.5972,0.48719999999999997,1.3336,3.9337,0.6774,3.0765,3.5638,2.9331,1.9678,1.4257,3.223,4.1,2.8395,1.0427,3.2281,4.0972,0.7323,3.085,0.39230000000000004,1.1567,1.9339000000000002,0.6307999999999999,3.3367
57,52.08509,5.099447,4.080123424530029,5,25.675808683889322,104.66363963245661,5,0.0,0.0,0.0,0.0,0.0,0.0,0.0,0.0,0.0,0.0,0.0,0.0,0.0,0.0,0.0,0.0,0.0,0.0,0.0,0.0,0.0,0.0,0.0,0.0,0.0,0.0,0.0,0.0,0.0,0.0,0.0,0.0,0.0,0.0,0.0,0.0,0.0,0.0,0.0,0.0,0.0,0.0,0.0,0.0,0.0,0.0,0.0,0.0,0.0,0.0,0.0,0.0,0.0,0.0,0.0,0.0,0.0,0.0,2.1568,4.123600000000001,3.1499,1.6945,1.5004000000000002,1.1650999999999998,2.726,1.3160999999999998,3.768,3.7636,1.7515,2.4734000000000003,3.5116,3.3394,2.7249,1.8944,2.8901,3.3655,2.3421,1.8532,2.8293000000000004,2.9204,1.3531,2.6835,2.6224000000000003,3.1494,3.9787,2.7055,3.3996999999999997,2.6771,0.604,1.5502,3.7380999999999998,0.3537,0.535,2.8995,3.156,3.2071,3.152,2.4286999999999996,4.3149,3.4571
58,52.075755,5.117412,3.8558361530303955,8,71.31971937090546,135.73159788688318,5,0.0,0.0,0.0,0.0,0.0,0.0,0.0,0.0,0.0,0.0,0.0,0.0,0.0,0.0,0.0,0.0,0.0,0.0,0.0,0.0,0.0,0.0,0.0,0.0,0.0,0.0,0.0,0.0,0.0,0.0,0.0,0.0,0.0,0.0,0.0,0.0,0.0,0.0,0.0,0.0,0.0,0.0,0.0,0.0,0.0,0.0,0.0,0.0,0.0,0.0,0.0,0.0,0.0,0.0,0.0,0.0,0.0,0.0,0.0,3.8802,4.0261,2.6613,0.48410000000000003,2.393,1.2442,0.8792000000000001,2.2862,2.2819000000000003,2.8421,3.3495999999999997,2.8949000000000003,3.4414000000000002,4.6526000000000005,0.2284,3.1139,1.8837000000000002,3.0218000000000003,2.8833,3.7962,3.7967,0.811,3.6503,1.1405999999999998,1.6677,3.7353,3.0957,4.2759,1.1954,1.937,3.3888000000000003,4.4193,2.3546,1.9255,3.8664,2.2274000000000003,4.174,3.734,2.7782,4.8025,2.687
59,52.099008,5.145817,2.1436641216278076,11,46.75988227389707,119.80998617552765,5,0.0,0.0,0.0,0.0,0.0,0.0,0.0,0.0,0.0,0.0,0.0,0.0,0.0,0.0,0.0,0.0,0.0,0.0,0.0,0.0,0.0,0.0,0.0,0.0,0.0,0.0,0.0,0.0,0.0,0.0,0.0,0.0,0.0,0.0,0.0,0.0,0.0,0.0,0.0,0.0,0.0,0.0,0.0,0.0,0.0,0.0,0.0,0.0,0.0,0.0,0.0,0.0,0.0,0.0,0.0,0.0,0.0,0.0,0.0,0.0,3.968,3.1521999999999997,4.2171,3.7845999999999997,2.9663000000000004,4.1178,2.2524,2.8624,3.8613000000000004,3.621,1.2074,1.1222999999999999,5.6718,4.0254,1.4862,2.5474,2.5978000000000003,3.2175,2.4366,3.2081999999999997,4.0496,2.4805,3.0,2.7105,0.6544,1.6545999999999998,3.9113,3.0759000000000003,5.3609,4.4079,1.8177,4.2395,5.3493,3.1534,2.2317,2.2466999999999997,2.0321,1.8776,3.15,1.407
60,52.104579,5.099856,2.547104835510254,12,17.67450049205057,85.80180153328345,5,0.0,0.0,0.0,0.0,0.0,0.0,0.0,0.0,0.0,0.0,0.0,0.0,0.0,0.0,0.0,0.0,0.0,0.0,0.0,0.0,0.0,0.0,0.0,0.0,0.0,0.0,0.0,0.0,0.0,0.0,0.0,0.0,0.0,0.0,0.0,0.0,0.0,0.0,0.0,0.0,0.0,0.0,0.0,0.0,0.0,0.0,0.0,0.0,0.0,0.0,0.0,0.0,0.0,0.0,0.0,0.0,0.0,0.0,0.0,0.0,0.0,1.4667000000000001,4.1159,2.6224000000000003,3.8926,3.444,4.560899999999999,4.9302,2.0507,0.8955,4.065300000000001,3.4381,1.7115,4.0223,3.1953,4.532100000000001,1.803,1.4375,1.6036,0.7667999999999999,3.774,1.486,3.5265999999999997,4.316,4.280399999999999,3.0516,0.24980000000000002,3.4776,3.8578,2.5973,2.4760999999999997,2.9859,3.855,0.9576,3.6768,1.7243,2.2295,2.674,1.7094,4.0351
61,52.095519,5.109297,3.8287312984466553,9,74.3956634445717,144.60674479841487,5,0.0,0.0,0.0,0.0,0.0,0.0,0.0,0.0,0.0,0.0,0.0,0.0,0.0,0.0,0.0,0.0,0.0,0.0,0.0,0.0,0.0,0.0,0.0,0.0,0.0,0.0,0.0,0.0,0.0,0.0,0.0,0.0,0.0,0.0,0.0,0.0,0.0,0.0,0.0,0.0,0.0,0.0,0.0,0.0,0.0,0.0,0.0,0.0,0.0,0.0,0.0,0.0,0.0,0.0,0.0,0.0,0.0,0.0,0.0,0.0,0.0,0.0,2.7109,1.2173,2.4691,2.0389,3.0384,3.5068,0.8833,0.6882999999999999,2.8991,2.4673000000000003,2.6938,2.6173,2.2245999999999997,3.1086,0.8322,0.18769999999999998,1.0809000000000002,1.1353,2.369,0.935,2.1031999999999997,2.8926,3.1141,2.0808,1.6145999999999998,2.0541,2.6905,1.43,1.9897,1.8186,2.6877,1.1511,2.3738,1.4587,1.4035,1.5078,2.5298000000000003,2.5126999999999997
62,52.076347,5.111612,3.9799351692199707,11,56.89216582326618,128.52104935026085,5,0.0,0.0,0.0,0.0,0.0,0.0,0.0,0.0,0.0,0.0,0.0,0.0,0.0,0.0,0.0,0.0,0.0,0.0,0.0,0.0,0.0,0.0,0.0,0.0,0.0,0.0,0.0,0.0,0.0,0.0,0.0,0.0,0.0,0.0,0.0,0.0,0.0,0.0,0.0,0.0,0.0,0.0,0.0,0.0,0.0,0.0,0.0,0.0,0.0,0.0,0.0,0.0,0.0,0.0,0.0,0.0,0.0,0.0,0.0,0.0,0.0,0.0,0.0,2.2731,1.5095,0.7439,2.5515,2.5471,2.7223,3.6121999999999996,3.1601,3.7066999999999997,4.0611999999999995,0.301,3.3790999999999998,2.149,3.3467,2.7634000000000003,4.0588,4.0593,0.9419,3.9129,1.4059000000000001,1.9329,4.0005999999999995,3.3609,4.5385,1.4607,1.3437000000000001,3.2689,4.9675,1.7612,1.3322,4.129,2.4926999999999997,4.4366,4.381399999999999,3.0435,5.0651,2.9523
63,52.088151,5.109901,7.346470355987549,14,12.069472683815052,44.0849250148775,5,0.0,0.0,0.0,0.0,0.0,0.0,0.0,0.0,0.0,0.0,0.0,0.0,0.0,0.0,0.0,0.0,0.0,0.0,0.0,0.0,0.0,0.0,0.0,0.0,0.0,0.0,0.0,0.0,0.0,0.0,0.0,0.0,0.0,0.0,0.0,0.0,0.0,0.0,0.0,0.0,0.0,0.0,0.0,0.0,0.0,0.0,0.0,0.0,0.0,0.0,0.0,0.0,0.0,0.0,0.0,0.0,0.0,0.0,0.0,0.0,0.0,0.0,0.0,0.0,2.5231,1.5288,3.2426,3.5606999999999998,1.3095,2.0289,3.1576999999999997,2.9855,3.12,2.1071999999999997,2.5363,3.1626,1.9883,1.225,2.4754,2.476,1.8589,2.3296,2.1571,2.8495999999999997,3.6248,2.3516,2.9551999999999996,2.1081,1.8792,1.8560999999999999,3.3842,1.3089000000000002,2.1343,2.5456,2.4278000000000004,2.8533000000000004,2.7981,2.0749,3.4818000000000002,3.1033000000000004
64,52.080663,5.127766,3.0635621547698975,6,86.57397074920655,125.52658323992742,5,0.0,0.0,0.0,0.0,0.0,0.0,0.0,0.0,0.0,0.0,0.0,0.0,0.0,0.0,0.0,0.0,0.0,0.0,0.0,0.0,0.0,0.0,0.0,0.0,0.0,0.0,0.0,0.0,0.0,0.0,0.0,0.0,0.0,0.0,0.0,0.0,0.0,0.0,0.0,0.0,0.0,0.0,0.0,0.0,0.0,0.0,0.0,0.0,0.0,0.0,0.0,0.0,0.0,0.0,0.0,0.0,0.0,0.0,0.0,0.0,0.0,0.0,0.0,0.0,0.0,1.4281,1.1634,1.021,3.0538000000000003,3.033,1.9254,2.4719,4.8643,1.3357,2.1444,0.7395,2.3402,2.41,3.1612,3.4800999999999997,1.3599,3.0154,0.4848,0.45630000000000004,2.7658,2.1261,3.9593000000000003,0.3862,2.6712,3.6005,3.4498,3.0334,2.6595999999999997,3.5498000000000003,1.2579,3.3762,2.8473,1.8915,4.1676,1.7634
65,52.080368,5.112536,3.436068058013916,12,66.02059229381867,138.3445450157766,5,0.0,0.0,0.0,0.0,0.0,0.0,0.0,0.0,0.0,0.0,0.0,0.0,0.0,0.0,0.0,0.0,0.0,0.0,0.0,0.0,0.0,0.0,0.0,0.0,0.0,0.0,0.0,0.0,0.0,0.0,0.0,0.0,0.0,0.0,0.0,0.0,0.0,0.0,0.0,0.0,0.0,0.0,0.0,0.0,0.0,0.0,0.0,0.0,0.0,0.0,0.0,0.0,0.0,0.0,0.0,0.0,0.0,0.0,0.0,0.0,0.0,0.0,0.0,0.0,0.0,0.0,2.4814000000000003,2.4771,2.0664000000000002,2.9564,3.0901,3.6367,3.8769,0.6079,3.2262,2.0789,2.6908000000000003,2.1075,3.4029000000000003,3.4034,0.35960000000000003,3.2571,1.3357999999999999,1.8629,3.9305,3.0415,3.8827,1.3905999999999998,1.3376,2.6130999999999998,4.3117,1.6998,1.326,3.4731,2.4226,3.7807,3.7256,2.7648,4.4093,2.8821999999999997
66,52.083393,5.139808,4.823286533355713,13,23.99382348441339,79.87386674766529,5,0.0,0.0,0.0,0.0,0.0,0.0,0.0,0.0,0.0,0.0,0.0,0.0,0.0,0.0,0.0,0.0,0.0,0.0,0.0,0.0,0.0,0.0,0.0,0.0,0.0,0.0,0.0,0.0,0.0,0.0,0.0,0.0,0.0,0.0,0.0,0.0,0.0,0.0,0.0,0.0,0.0,0.0,0.0,0.0,0.0,0.0,0.0,0.0,0.0,0.0,0.0,0.0,0.0,0.0,0.0,0.0,0.0,0.0,0.0,0.0,0.0,0.0,0.0,0.0,0.0,0.0,0.0,0.61,3.7544,3.7336,1.1865999999999999,2.0216,5.5649,2.3758000000000004,2.2441999999999998,0.4943,2.8695999999999997,3.1106,3.3790999999999998,3.7639,2.4,3.2331999999999996,1.525,0.8583999999999999,2.053,2.0282999999999998,4.6269,1.4263,3.7113,4.3011,3.4751,4.0735,3.6997,3.8790999999999998,1.3605999999999998,3.5941,2.9436999999999998,1.9384000000000001,4.8073999999999995,0.9462
67,52.07987,5.138393,6.499879360198975,11,80.68239455386306,118.61553444839583,5,0.0,0.0,0.0,0.0,0.0,0.0,0.0,0.0,0.0,0.0,0.0,0.0,0.0,0.0,0.0,0.0,0.0,0.0,0.0,0.0,0.0,0.0,0.0,0.0,0.0,0.0,0.0,0.0,0.0,0.0,0.0,0.0,0.0,0.0,0.0,0.0,0.0,0.0,0.0,0.0,0.0,0.0,0.0,0.0,0.0,0.0,0.0,0.0,0.0,0.0,0.0,0.0,0.0,0.0,0.0,0.0,0.0,0.0,0.0,0.0,0.0,0.0,0.0,0.0,0.0,0.0,0.0,0.0,3.9411,3.9203,1.7631,2.5981,5.751600000000001,2.223,2.8207,0.5756,3.4461,3.2973000000000003,3.9556,4.3674,2.2472,3.8098,1.3720999999999999,0.8471000000000001,2.6295,2.6048,4.8466000000000005,1.2735,3.5585,4.4878,4.051699999999999,3.9206999999999996,3.5469,4.4371,1.738,4.1706,3.5202,2.5149,5.384,1.5227
68,52.095386,5.101942,3.0799365043640137,15,39.77361692716187,96.14753669548085,5,0.0,0.0,0.0,0.0,0.0,0.0,0.0,0.0,0.0,0.0,0.0,0.0,0.0,0.0,0.0,0.0,0.0,0.0,0.0,0.0,0.0,0.0,0.0,0.0,0.0,0.0,0.0,0.0,0.0,0.0,0.0,0.0,0.0,0.0,0.0,0.0,0.0,0.0,0.0,0.0,0.0,0.0,0.0,0.0,0.0,0.0,0.0,0.0,0.0,0.0,0.0,0.0,0.0,0.0,0.0,0.0,0.0,0.0,0.0,0.0,0.0,0.0,0.0,0.0,0.0,0.0,0.0,0.0,0.0,1.3097,3.1619,2.9897,1.8105,2.565,2.5405,3.7034000000000002,1.5868,0.6895,1.8355,1.7568,2.3167,1.7737,2.698,3.4874,3.629,2.3558000000000003,2.236,2.6489000000000003,2.4640999999999997,0.5467000000000001,2.7443,1.5923,2.4614000000000003,1.9475,2.9686,2.2133000000000003,2.1582,2.079,3.1512,3.1075
69,52.098747,5.102197,3.318445920944214,7,58.24722472548163,94.91158588719595,5,0.0,0.0,0.0,0.0,0.0,0.0,0.0,0.0,0.0,0.0,0.0,0.0,0.0,0.0,0.0,0.0,0.0,0.0,0.0,0.0,0.0,0.0,0.0,0.0,0.0,0.0,0.0,0.0,0.0,0.0,0.0,0.0,0.0,0.0,0.0,0.0,0.0,0.0,0.0,0.0,0.0,0.0,0.0,0.0,0.0,0.0,0.0,0.0,0.0,0.0,0.0,0.0,0.0,0.0,0.0,0.0,0.0,0.0,0.0,0.0,0.0,0.0,0.0,0.0,0.0,0.0,0.0,0.0,0.0,0.0,3.1926,2.9356,2.0159000000000002,3.2244,2.6928,3.7340999999999998,1.3004,0.6395,1.3575,0.6652,2.9760999999999997,1.1388,2.7287,3.5181,3.6598,2.5490999999999997,1.1445,2.6795999999999998,3.0599000000000003,1.7994,2.4579,2.188,3.0570999999999997,0.856,2.9993000000000003,1.7369,1.8718,2.1098000000000003,2.0597,3.1382
70,52.091623,5.14056,5.293385982513428,9,60.32262717455591,104.35111493342416,5,0.0,0.0,0.0,0.0,0.0,0.0,0.0,0.0,0.0,0.0,0.0,0.0,0.0,0.0,0.0,0.0,0.0,0.0,0.0,0.0,0.0,0.0,0.0,0.0,0.0,0.0,0.0,0.0,0.0,0.0,0.0,0.0,0.0,0.0,0.0,0.0,0.0,0.0,0.0,0.0,0.0,0.0,0.0,0.0,0.0,0.0,0.0,0.0,0.0,0.0,0.0,0.0,0.0,0.0,0.0,0.0,0.0,0.0,0.0,0.0,0.0,0.0,0.0,0.0,0.0,0.0,0.0,0.0,0.0,0.0,0.0,0.9956,5.040100000000001,3.0,1.2182,1.3705999999999998,2.3448,2.5858000000000003,2.8543000000000003,3.2391,3.0242,2.7085,1.9746,1.6272,1.0588,1.3865,4.1021,2.0505,4.3355,3.7763,2.4467,3.6078,4.3239,3.3543000000000003,1.3547,2.9304,2.2835,1.4136,3.779,0.2302
71,52.097834,5.136627,3.2206637859344482,13,54.26855213056213,117.41460274611117,5,0.0,0.0,0.0,0.0,0.0,0.0,0.0,0.0,0.0,0.0,0.0,0.0,0.0,0.0,0.0,0.0,0.0,0.0,0.0,0.0,0.0,0.0,0.0,0.0,0.0,0.0,0.0,0.0,0.0,0.0,0.0,0.0,0.0,0.0,0.0,0.0,0.0,0.0,0.0,0.0,0.0,0.0,0.0,0.0,0.0,0.0,0.0,0.0,0.0,0.0,0.0,0.0,0.0,0.0,0.0,0.0,0.0,0.0,0.0,0.0,0.0,0.0,0.0,0.0,0.0,0.0,0.0,0.0,0.0,0.0,0.0,0.0,4.8442,3.5376,0.5676,2.3066,1.5782,2.3899,2.2985,2.6653000000000002,3.5618000000000003,1.9418,2.5122,2.2226999999999997,1.1424,0.827,3.5283,2.5881,3.9821999999999997,3.5804,1.6249,3.4119,4.1897,2.7805,1.7439,2.1086,1.2599,1.05,2.9572,1.1662000000000001
72,52.098727,5.092443,1.616420030593872,9,51.11737220963979,110.07891150434304,5,0.0,0.0,0.0,0.0,0.0,0.0,0.0,0.0,0.0,0.0,0.0,0.0,0.0,0.0,0.0,0.0,0.0,0.0,0.0,0.0,0.0,0.0,0.0,0.0,0.0,0.0,0.0,0.0,0.0,0.0,0.0,0.0,0.0,0.0,0.0,0.0,0.0,0.0,0.0,0.0,0.0,0.0,0.0,0.0,0.0,0.0,0.0,0.0,0.0,0.0,0.0,0.0,0.0,0.0,0.0,0.0,0.0,0.0,0.0,0.0,0.0,0.0,0.0,0.0,0.0,0.0,0.0,0.0,0.0,0.0,0.0,0.0,0.0,4.3755,4.351,5.5139,3.1919,2.5,3.26,2.2645999999999997,4.1272,2.9977,4.5084,5.297899999999999,5.4395,4.166300000000001,1.8155,4.4594,3.2005,1.3162,4.1325,2.6255,3.1976999999999998,2.4553000000000003,4.779100000000001,3.3807,3.7632,3.8895,3.3657,4.9178999999999995
73,52.076274,5.115009,3.885279893875122,14,77.35426728759582,116.26674926611224,5,0.0,0.0,0.0,0.0,0.0,0.0,0.0,0.0,0.0,0.0,0.0,0.0,0.0,0.0,0.0,0.0,0.0,0.0,0.0,0.0,0.0,0.0,0.0,0.0,0.0,0.0,0.0,0.0,0.0,0.0,0.0,0.0,0.0,0.0,0.0,0.0,0.0,0.0,0.0,0.0,0.0,0.0,0.0,0.0,0.0,0.0,0.0,0.0,0.0,0.0,0.0,0.0,0.0,0.0,0.0,0.0,0.0,0.0,0.0,0.0,0.0,0.0,0.0,0.0,0.0,0.0,0.0,0.0,0.0,0.0,0.0,0.0,0.0,0.0,3.2049000000000003,1.9747000000000001,3.2216,2.6383,3.9337,3.9341999999999997,0.8169,3.7879,1.2315999999999998,1.7587000000000002,3.8263000000000003,3.1866999999999996,4.4135,1.2864,1.7286,3.1439,4.8425,2.1462,1.7170999999999998,4.0039,2.3184,4.3115,4.256399999999999,2.8693,4.9401,2.7781
74,52.096293,5.13169,4.160241603851318,8,19.73393155314369,61.25085574419006,5,0.0,0.0,0.0,0.0,0.0,0.0,0.0,0.0,0.0,0.0,0.0,0.0,0.0,0.0,0.0,0.0,0.0,0.0,0.0,0.0,0.0,0.0,0.0,0.0,0.0,0.0,0.0,0.0,0.0,0.0,0.0,0.0,0.0,0.0,0.0,0.0,0.0,0.0,0.0,0.0,0.0,0.0,0.0,0.0,0.0,0.0,0.0,0.0,0.0,0.0,0.0,0.0,0.0,0.0,0.0,0.0,0.0,0.0,0.0,0.0,0.0,0.0,0.0,0.0,0.0,0.0,0.0,0.0,0.0,0.0,0.0,0.0,0.0,0.0,0.0,2.1613,1.3545999999999998,1.9476,1.8640999999999999,2.4417,3.2844,1.7183,2.1567,1.9452,1.3279,0.3847,3.3047,2.3106999999999998,3.5399000000000003,3.1381,1.4812,2.9696,3.7474000000000003,2.5569,1.4394,1.9257,1.2172,0.6077,2.7583,1.3125
75,52.083292,5.135061,3.693385362625122,10,20.812097346055523,98.36851184778585,5,0.0,0.0,0.0,0.0,0.0,0.0,0.0,0.0,0.0,0.0,0.0,0.0,0.0,0.0,0.0,0.0,0.0,0.0,0.0,0.0,0.0,0.0,0.0,0.0,0.0,0.0,0.0,0.0,0.0,0.0,0.0,0.0,0.0,0.0,0.0,0.0,0.0,0.0,0.0,0.0,0.0,0.0,0.0,0.0,0.0,0.0,0.0,0.0,0.0,0.0,0.0,0.0,0.0,0.0,0.0,0.0,0.0,0.0,0.0,0.0,0.0,0.0,0.0,0.0,0.0,0.0,0.0,0.0,0.0,0.0,0.0,0.0,0.0,0.0,0.0,0.0,2.6449000000000003,3.0236,3.3162,3.6271999999999998,1.9735,3.1704,1.0985,0.41969999999999996,2.348,2.0863,4.5729,0.9997999999999999,3.2848,4.2141,3.7701,3.647,3.2731999999999997,3.7424,1.2181,3.5311999999999997,2.9548,1.8017,4.3226,1.2412
76,52.098217,5.116754,4.793972492218018,5,60.554101142601645,93.65441666299469,5,0.0,0.0,0.0,0.0,0.0,0.0,0.0,0.0,0.0,0.0,0.0,0.0,0.0,0.0,0.0,0.0,0.0,0.0,0.0,0.0,0.0,0.0,0.0,0.0,0.0,0.0,0.0,0.0,0.0,0.0,0.0,0.0,0.0,0.0,0.0,0.0,0.0,0.0,0.0,0.0,0.0,0.0,0.0,0.0,0.0,0.0,0.0,0.0,0.0,0.0,0.0,0.0,0.0,0.0,0.0,0.0,0.0,0.0,0.0,0.0,0.0,0.0,0.0,0.0,0.0,0.0,0.0,0.0,0.0,0.0,0.0,0.0,0.0,0.0,0.0,0.0,0.0,0.8914,0.5172,1.0866,2.9325,0.37139999999999995,2.1022,2.4747,2.5301,1.2283,1.9496,2.2487,3.3941999999999997,2.1336999999999997,1.4097,2.4335,3.3914,1.2018,1.9758,0.8951,0.715,0.9476,1.5235999999999998,2.2849
77,52.09542,5.108549,3.8869028091430664,12,1.9490756295872047,36.930149318442524,5,0.0,0.0,0.0,0.0,0.0,0.0,0.0,0.0,0.0,0.0,0.0,0.0,0.0,0.0,0.0,0.0,0.0,0.0,0.0,0.0,0.0,0.0,0.0,0.0,0.0,0.0,0.0,0.0,0.0,0.0,0.0,0.0,0.0,0.0,0.0,0.0,0.0,0.0,0.0,0.0,0.0,0.0,0.0,0.0,0.0,0.0,0.0,0.0,0.0,0.0,0.0,0.0,0.0,0.0,0.0,0.0,0.0,0.0,0.0,0.0,0.0,0.0,0.0,0.0,0.0,0.0,0.0,0.0,0.0,0.0,0.0,0.0,0.0,0.0,0.0,0.0,0.0,0.0,1.1192,1.1963,2.3676999999999997,0.9732999999999999,2.1204,2.9098,3.0514,1.7782,1.6756,2.0713000000000004,2.5508,1.2903,2.028,1.6789,2.548,1.3871,2.391,1.497,1.4418,1.5014,2.5908,2.5299
78,52.102541,5.11542,4.955835819244385,7,56.19152063311541,92.01269078034224,5,0.0,0.0,0.0,0.0,0.0,0.0,0.0,0.0,0.0,0.0,0.0,0.0,0.0,0.0,0.0,0.0,0.0,0.0,0.0,0.0,0.0,0.0,0.0,0.0,0.0,0.0,0.0,0.0,0.0,0.0,0.0,0.0,0.0,0.0,0.0,0.0,0.0,0.0,0.0,0.0,0.0,0.0,0.0,0.0,0.0,0.0,0.0,0.0,0.0,0.0,0.0,0.0,0.0,0.0,0.0,0.0,0.0,0.0,0.0,0.0,0.0,0.0,0.0,0.0,0.0,0.0,0.0,0.0,0.0,0.0,0.0,0.0,0.0,0.0,0.0,0.0,0.0,0.0,0.0,0.9449,3.4766,0.22030000000000002,2.6194,3.1067,2.937,1.6499000000000001,1.488,2.7659000000000002,3.6429,2.3824,1.2857,2.771,3.6401,0.7168,2.6279,0.4079,0.6996,1.4769,1.0364,2.8141
79,52.102349,5.106994,5.649194717407227,10,91.78878560649302,169.86388235017978,5,0.0,0.0,0.0,0.0,0.0,0.0,0.0,0.0,0.0,0.0,0.0,0.0,0.0,0.0,0.0,0.0,0.0,0.0,0.0,0.0,0.0,0.0,0.0,0.0,0.0,0.0,0.0,0.0,0.0,0.0,0.0,0.0,0.0,0.0,0.0,0.0,0.0,0.0,0.0,0.0,0.0,0.0,0.0,0.0,0.0,0.0,0.0,0.0,0.0,0.0,0.0,0.0,0.0,0.0,0.0,0.0,0.0,0.0,0.0,0.0,0.0,0.0,0.0,0.0,0.0,0.0,0.0,0.0,0.0,0.0,0.0,0.0,0.0,0.0,0.0,0.0,0.0,0.0,0.0,0.0,3.3238000000000003,0.7191000000000001,3.0764,3.4600999999999997,3.5646999999999998,2.3359,0.9385,3.0273000000000003,3.4076,2.1471,2.0488000000000004,2.5357,3.4048000000000003,0.19069999999999998,2.9612,1.3173,1.4626,1.9584000000000001,1.5575999999999999,3.3195
80,52.081832,5.114247,4.10665225982666,6,33.50434851718227,95.32918883355919,5,0.0,0.0,0.0,0.0,0.0,0.0,0.0,0.0,0.0,0.0,0.0,0.0,0.0,0.0,0.0,0.0,0.0,0.0,0.0,0.0,0.0,0.0,0.0,0.0,0.0,0.0,0.0,0.0,0.0,0.0,0.0,0.0,0.0,0.0,0.0,0.0,0.0,0.0,0.0,0.0,0.0,0.0,0.0,0.0,0.0,0.0,0.0,0.0,0.0,0.0,0.0,0.0,0.0,0.0,0.0,0.0,0.0,0.0,0.0,0.0,0.0,0.0,0.0,0.0,0.0,0.0,0.0,0.0,0.0,0.0,0.0,0.0,0.0,0.0,0.0,0.0,0.0,0.0,0.0,0.0,0.0,3.2218,1.2765,1.8035999999999999,3.8712,3.0063,3.8474,1.3313,1.3113,2.5778000000000003,4.2764,1.6735,1.2997,3.4378,2.3633,3.7455,3.6903,2.7295,4.374,2.8229
81,52.10115,5.114817,4.035406589508057,13,36.980164043445306,76.78649866074264,5,0.0,0.0,0.0,0.0,0.0,0.0,0.0,0.0,0.0,0.0,0.0,0.0,0.0,0.0,0.0,0.0,0.0,0.0,0.0,0.0,0.0,0.0,0.0,0.0,0.0,0.0,0.0,0.0,0.0,0.0,0.0,0.0,0.0,0.0,0.0,0.0,0.0,0.0,0.0,0.0,0.0,0.0,0.0,0.0,0.0,0.0,0.0,0.0,0.0,0.0,0.0,0.0,0.0,0.0,0.0,0.0,0.0,0.0,0.0,0.0,0.0,0.0,0.0,0.0,0.0,0.0,0.0,0.0,0.0,0.0,0.0,0.0,0.0,0.0,0.0,0.0,0.0,0.0,0.0,0.0,0.0,0.0,2.4736,2.9608000000000003,2.9135,1.6117000000000001,1.5907,2.6201,3.497,2.2365999999999997,1.3296,2.6250999999999998,3.4941999999999998,0.8429,2.4821,0.5981000000000001,0.7435,1.331,1.2267000000000001,2.6683000000000003
82,52.082209,5.125766,7.5291595458984375,14,84.5526534229663,121.9295979066045,5,0.0,0.0,0.0,0.0,0.0,0.0,0.0,0.0,0.0,0.0,0.0,0.0,0.0,0.0,0.0,0.0,0.0,0.0,0.0,0.0,0.0,0.0,0.0,0.0,0.0,0.0,0.0,0.0,0.0,0.0,0.0,0.0,0.0,0.0,0.0,0.0,0.0,0.0,0.0,0.0,0.0,0.0,0.0,0.0,0.0,0.0,0.0,0.0,0.0,0.0,0.0,0.0,0.0,0.0,0.0,0.0,0.0,0.0,0.0,0.0,0.0,0.0,0.0,0.0,0.0,0.0,0.0,0.0,0.0,0.0,0.0,0.0,0.0,0.0,0.0,0.0,0.0,0.0,0.0,0.0,0.0,0.0,0.0,0.9907,3.0583,2.2121999999999997,3.7838000000000003,0.1474,2.6187,3.425,3.6108000000000002,2.9809,2.6071,3.3743000000000003,1.5504,3.0597,2.7404,1.8631,3.6883000000000004,2.01
83,52.081958,5.131337,3.242300271987915,7,70.84361243775919,114.7953455013575,5,0.0,0.0,0.0,0.0,0.0,0.0,0.0,0.0,0.0,0.0,0.0,0.0,0.0,0.0,0.0,0.0,0.0,0.0,0.0,0.0,0.0,0.0,0.0,0.0,0.0,0.0,0.0,0.0,0.0,0.0,0.0,0.0,0.0,0.0,0.0,0.0,0.0,0.0,0.0,0.0,0.0,0.0,0.0,0.0,0.0,0.0,0.0,0.0,0.0,0.0,0.0,0.0,0.0,0.0,0.0,0.0,0.0,0.0,0.0,0.0,0.0,0.0,0.0,0.0,0.0,0.0,0.0,0.0,0.0,0.0,0.0,0.0,0.0,0.0,0.0,0.0,0.0,0.0,0.0,0.0,0.0,0.0,0.0,0.0,2.5099,1.8702999999999999,4.3568999999999996,0.7837999999999999,3.0686999999999998,3.998,3.194,3.431,3.0572,3.5264,1.002,3.3150999999999997,2.7386999999999997,1.5857,4.1065,1.4617
84,52.097087,5.14617,1.925240397453308,7,70.95492598991795,141.62480752374688,5,0.0,0.0,0.0,0.0,0.0,0.0,0.0,0.0,0.0,0.0,0.0,0.0,0.0,0.0,0.0,0.0,0.0,0.0,0.0,0.0,0.0,0.0,0.0,0.0,0.0,0.0,0.0,0.0,0.0,0.0,0.0,0.0,0.0,0.0,0.0,0.0,0.0,0.0,0.0,0.0,0.0,0.0,0.0,0.0,0.0,0.0,0.0,0.0,0.0,0.0,0.0,0.0,0.0,0.0,0.0,0.0,0.0,0.0,0.0,0.0,0.0,0.0,0.0,0.0,0.0,0.0,0.0,0.0,0.0,0.0,0.0,0.0,0.0,0.0,0.0,0.0,0.0,0.0,0.0,0.0,0.0,0.0,0.0,0.0,0.0,1.4781,4.4258999999999995,2.8994,5.184399999999999,4.2315,2.3181,4.063,5.1728000000000005,3.6780999999999997,2.0551999999999997,3.022,2.5231,1.7010999999999998,3.6504000000000003,1.2305
85,52.096094,5.128896,4.499845504760742,13,11.608020162058363,61.105455718888564,5,0.0,0.0,0.0,0.0,0.0,0.0,0.0,0.0,0.0,0.0,0.0,0.0,0.0,0.0,0.0,0.0,0.0,0.0,0.0,0.0,0.0,0.0,0.0,0.0,0.0,0.0,0.0,0.0,0.0,0.0,0.0,0.0,0.0,0.0,0.0,0.0,0.0,0.0,0.0,0.0,0.0,0.0,0.0,0.0,0.0,0.0,0.0,0.0,0.0,0.0,0.0,0.0,0.0,0.0,0.0,0.0,0.0,0.0,0.0,0.0,0.0,0.0,0.0,0.0,0.0,0.0,0.0,0.0,0.0,0.0,0.0,0.0,0.0,0.0,0.0,0.0,0.0,0.0,0.0,0.0,0.0,0.0,0.0,0.0,0.0,0.0,3.161,2.2211999999999996,3.355,2.9532,1.3375,2.7847,3.5625,2.4132,1.3499,1.7819,1.0734000000000001,0.4228,2.6146,1.4826
86,52.106354,5.100859,1.908237338066101,5,12.902229591938108,71.30886502135439,5,0.0,0.0,0.0,0.0,0.0,0.0,0.0,0.0,0.0,0.0,0.0,0.0,0.0,0.0,0.0,0.0,0.0,0.0,0.0,0.0,0.0,0.0,0.0,0.0,0.0,0.0,0.0,0.0,0.0,0.0,0.0,0.0,0.0,0.0,0.0,0.0,0.0,0.0,0.0,0.0,0.0,0.0,0.0,0.0,0.0,0.0,0.0,0.0,0.0,0.0,0.0,0.0,0.0,0.0,0.0,0.0,0.0,0.0,0.0,0.0,0.0,0.0,0.0,0.0,0.0,0.0,0.0,0.0,0.0,0.0,0.0,0.0,0.0,0.0,0.0,0.0,0.0,0.0,0.0,0.0,0.0,0.0,0.0,0.0,0.0,0.0,0.0,3.7274000000000003,4.107600000000001,2.4351,2.3266,3.2357,4.1048,1.0405,3.811,1.5748,2.1536999999999997,2.8082,1.5597999999999999,4.1693
87,52.081971,5.124335,6.218686580657959,13,48.925002520243524,107.5637877739608,5,0.0,0.0,0.0,0.0,0.0,0.0,0.0,0.0,0.0,0.0,0.0,0.0,0.0,0.0,0.0,0.0,0.0,0.0,0.0,0.0,0.0,0.0,0.0,0.0,0.0,0.0,0.0,0.0,0.0,0.0,0.0,0.0,0.0,0.0,0.0,0.0,0.0,0.0,0.0,0.0,0.0,0.0,0.0,0.0,0.0,0.0,0.0,0.0,0.0,0.0,0.0,0.0,0.0,0.0,0.0,0.0,0.0,0.0,0.0,0.0,0.0,0.0,0.0,0.0,0.0,0.0,0.0,0.0,0.0,0.0,0.0,0.0,0.0,0.0,0.0,0.0,0.0,0.0,0.0,0.0,0.0,0.0,0.0,0.0,0.0,0.0,0.0,0.0,2.4713000000000003,3.2775,3.4634,2.8335,2.4596999999999998,3.2268000000000003,1.4029,2.9123,2.593,1.7157,3.5408000000000004,1.8625999999999998
88,52.081399,5.101597,1.918704867362976,12,10.5097811456207,56.001084545092304,5,0.0,0.0,0.0,0.0,0.0,0.0,0.0,0.0,0.0,0.0,0.0,0.0,0.0,0.0,0.0,0.0,0.0,0.0,0.0,0.0,0.0,0.0,0.0,0.0,0.0,0.0,0.0,0.0,0.0,0.0,0.0,0.0,0.0,0.0,0.0,0.0,0.0,0.0,0.0,0.0,0.0,0.0,0.0,0.0,0.0,0.0,0.0,0.0,0.0,0.0,0.0,0.0,0.0,0.0,0.0,0.0,0.0,0.0,0.0,0.0,0.0,0.0,0.0,0.0,0.0,0.0,0.0,0.0,0.0,0.0,0.0,0.0,0.0,0.0,0.0,0.0,0.0,0.0,0.0,0.0,0.0,0.0,0.0,0.0,0.0,0.0,0.0,0.0,0.0,2.2056,4.5634,0.8644,0.32639999999999997,3.7666,3.6674,4.0324,3.9772,3.2300999999999997,4.9703,4.127
89,52.096002,5.094478,3.278757095336914,7,58.29069595614399,125.04432530956554,5,0.0,0.0,0.0,0.0,0.0,0.0,0.0,0.0,0.0,0.0,0.0,0.0,0.0,0.0,0.0,0.0,0.0,0.0,0.0,0.0,0.0,0.0,0.0,0.0,0.0,0.0,0.0,0.0,0.0,0.0,0.0,0.0,0.0,0.0,0.0,0.0,0.0,0.0,0.0,0.0,0.0,0.0,0.0,0.0,0.0,0.0,0.0,0.0,0.0,0.0,0.0,0.0,0.0,0.0,0.0,0.0,0.0,0.0,0.0,0.0,0.0,0.0,0.0,0.0,0.0,0.0,0.0,0.0,0.0,0.0,0.0,0.0,0.0,0.0,0.0,0.0,0.0,0.0,0.0,0.0,0.0,0.0,0.0,0.0,0.0,0.0,0.0,0.0,0.0,0.0,3.2909,1.5022,2.1860999999999997,2.4941999999999998,3.5153000000000003,2.76,2.7048,2.6256999999999997,3.6979,3.6541
90,52.106191,5.12739,3.3790805339813232,8,51.19416764725202,105.03265559013794,5,0.0,0.0,0.0,0.0,0.0,0.0,0.0,0.0,0.0,0.0,0.0,0.0,0.0,0.0,0.0,0.0,0.0,0.0,0.0,0.0,0.0,0.0,0.0,0.0,0.0,0.0,0.0,0.0,0.0,0.0,0.0,0.0,0.0,0.0,0.0,0.0,0.0,0.0,0.0,0.0,0.0,0.0,0.0,0.0,0.0,0.0,0.0,0.0,0.0,0.0,0.0,0.0,0.0,0.0,0.0,0.0,0.0,0.0,0.0,0.0,0.0,0.0,0.0,0.0,0.0,0.0,0.0,0.0,0.0,0.0,0.0,0.0,0.0,0.0,0.0,0.0,0.0,0.0,0.0,0.0,0.0,0.0,0.0,0.0,0.0,0.0,0.0,0.0,0.0,0.0,0.0,3.6785,4.5476,1.7515,2.6946999999999997,0.9166,0.7723,1.7695,1.4238,2.602
91,52.084801,5.097415,3.7619528770446777,15,10.665311010338707,41.38545140090642,5,0.0,0.0,0.0,0.0,0.0,0.0,0.0,0.0,0.0,0.0,0.0,0.0,0.0,0.0,0.0,0.0,0.0,0.0,0.0,0.0,0.0,0.0,0.0,0.0,0.0,0.0,0.0,0.0,0.0,0.0,0.0,0.0,0.0,0.0,0.0,0.0,0.0,0.0,0.0,0.0,0.0,0.0,0.0,0.0,0.0,0.0,0.0,0.0,0.0,0.0,0.0,0.0,0.0,0.0,0.0,0.0,0.0,0.0,0.0,0.0,0.0,0.0,0.0,0.0,0.0,0.0,0.0,0.0,0.0,0.0,0.0,0.0,0.0,0.0,0.0,0.0,0.0,0.0,0.0,0.0,0.0,0.0,0.0,0.0,0.0,0.0,0.0,0.0,0.0,0.0,0.0,0.0,0.9148,3.2416,3.3108,3.5075,3.4523,2.9954,4.445399999999999,4.0238000000000005
92,52.081819,5.101337,1.915034532546997,5,40.04712806293048,112.11099511961056,5,0.0,0.0,0.0,0.0,0.0,0.0,0.0,0.0,0.0,0.0,0.0,0.0,0.0,0.0,0.0,0.0,0.0,0.0,0.0,0.0,0.0,0.0,0.0,0.0,0.0,0.0,0.0,0.0,0.0,0.0,0.0,0.0,0.0,0.0,0.0,0.0,0.0,0.0,0.0,0.0,0.0,0.0,0.0,0.0,0.0,0.0,0.0,0.0,0.0,0.0,0.0,0.0,0.0,0.0,0.0,0.0,0.0,0.0,0.0,0.0,0.0,0.0,0.0,0.0,0.0,0.0,0.0,0.0,0.0,0.0,0.0,0.0,0.0,0.0,0.0,0.0,0.0,0.0,0.0,0.0,0.0,0.0,0.0,0.0,0.0,0.0,0.0,0.0,0.0,0.0,0.0,0.0,0.0,3.8134,3.656,4.0792,4.0241,3.277,5.0171,4.115600000000001
93,52.103661,5.108247,4.399692535400391,10,33.29450389627379,80.55241433442785,5,0.0,0.0,0.0,0.0,0.0,0.0,0.0,0.0,0.0,0.0,0.0,0.0,0.0,0.0,0.0,0.0,0.0,0.0,0.0,0.0,0.0,0.0,0.0,0.0,0.0,0.0,0.0,0.0,0.0,0.0,0.0,0.0,0.0,0.0,0.0,0.0,0.0,0.0,0.0,0.0,0.0,0.0,0.0,0.0,0.0,0.0,0.0,0.0,0.0,0.0,0.0,0.0,0.0,0.0,0.0,0.0,0.0,0.0,0.0,0.0,0.0,0.0,0.0,0.0,0.0,0.0,0.0,0.0,0.0,0.0,0.0,0.0,0.0,0.0,0.0,0.0,0.0,0.0,0.0,0.0,0.0,0.0,0.0,0.0,0.0,0.0,0.0,0.0,0.0,0.0,0.0,0.0,0.0,0.0,3.026,0.8376,1.5352999999999999,2.0232,1.1344,3.3843
94,52.086701,5.130518,5.184386730194092,10,84.72960454556491,138.36520957450148,5,0.0,0.0,0.0,0.0,0.0,0.0,0.0,0.0,0.0,0.0,0.0,0.0,0.0,0.0,0.0,0.0,0.0,0.0,0.0,0.0,0.0,0.0,0.0,0.0,0.0,0.0,0.0,0.0,0.0,0.0,0.0,0.0,0.0,0.0,0.0,0.0,0.0,0.0,0.0,0.0,0.0,0.0,0.0,0.0,0.0,0.0,0.0,0.0,0.0,0.0,0.0,0.0,0.0,0.0,0.0,0.0,0.0,0.0,0.0,0.0,0.0,0.0,0.0,0.0,0.0,0.0,0.0,0.0,0.0,0.0,0.0,0.0,0.0,0.0,0.0,0.0,0.0,0.0,0.0,0.0,0.0,0.0,0.0,0.0,0.0,0.0,0.0,0.0,0.0,0.0,0.0,0.0,0.0,0.0,0.0,2.8364000000000003,2.1860999999999997,1.107,3.6278,1.2158
95,52.104438,5.118238,3.8121368885040283,9,13.242035625963434,70.3753137809306,5,0.0,0.0,0.0,0.0,0.0,0.0,0.0,0.0,0.0,0.0,0.0,0.0,0.0,0.0,0.0,0.0,0.0,0.0,0.0,0.0,0.0,0.0,0.0,0.0,0.0,0.0,0.0,0.0,0.0,0.0,0.0,0.0,0.0,0.0,0.0,0.0,0.0,0.0,0.0,0.0,0.0,0.0,0.0,0.0,0.0,0.0,0.0,0.0,0.0,0.0,0.0,0.0,0.0,0.0,0.0,0.0,0.0,0.0,0.0,0.0,0.0,0.0,0.0,0.0,0.0,0.0,0.0,0.0,0.0,0.0,0.0,0.0,0.0,0.0,0.0,0.0,0.0,0.0,0.0,0.0,0.0,0.0,0.0,0.0,0.0,0.0,0.0,0.0,0.0,0.0,0.0,0.0,0.0,0.0,0.0,0.0,0.7958999999999999,1.6308,0.9334,3.1508000000000003
96,52.101122,5.123841,4.742582321166992,6,76.58966318554694,147.96034244585513,5,0.0,0.0,0.0,0.0,0.0,0.0,0.0,0.0,0.0,0.0,0.0,0.0,0.0,0.0,0.0,0.0,0.0,0.0,0.0,0.0,0.0,0.0,0.0,0.0,0.0,0.0,0.0,0.0,0.0,0.0,0.0,0.0,0.0,0.0,0.0,0.0,0.0,0.0,0.0,0.0,0.0,0.0,0.0,0.0,0.0,0.0,0.0,0.0,0.0,0.0,0.0,0.0,0.0,0.0,0.0,0.0,0.0,0.0,0.0,0.0,0.0,0.0,0.0,0.0,0.0,0.0,0.0,0.0,0.0,0.0,0.0,0.0,0.0,0.0,0.0,0.0,0.0,0.0,0.0,0.0,0.0,0.0,0.0,0.0,0.0,0.0,0.0,0.0,0.0,0.0,0.0,0.0,0.0,0.0,0.0,0.0,0.0,1.1889,1.6805,2.521
97,52.094353,5.125077,8.763921737670898,15,84.83559592152248,157.76199009044308,5,0.0,0.0,0.0,0.0,0.0,0.0,0.0,0.0,0.0,0.0,0.0,0.0,0.0,0.0,0.0,0.0,0.0,0.0,0.0,0.0,0.0,0.0,0.0,0.0,0.0,0.0,0.0,0.0,0.0,0.0,0.0,0.0,0.0,0.0,0.0,0.0,0.0,0.0,0.0,0.0,0.0,0.0,0.0,0.0,0.0,0.0,0.0,0.0,0.0,0.0,0.0,0.0,0.0,0.0,0.0,0.0,0.0,0.0,0.0,0.0,0.0,0.0,0.0,0.0,0.0,0.0,0.0,0.0,0.0,0.0,0.0,0.0,0.0,0.0,0.0,0.0,0.0,0.0,0.0,0.0,0.0,0.0,0.0,0.0,0.0,0.0,0.0,0.0,0.0,0.0,0.0,0.0,0.0,0.0,0.0,0.0,0.0,0.0,2.4766999999999997,1.3539
98,52.109745,5.11825,1.7418551445007324,9,90.99796198006139,128.59201498315076,5,0.0,0.0,0.0,0.0,0.0,0.0,0.0,0.0,0.0,0.0,0.0,0.0,0.0,0.0,0.0,0.0,0.0,0.0,0.0,0.0,0.0,0.0,0.0,0.0,0.0,0.0,0.0,0.0,0.0,0.0,0.0,0.0,0.0,0.0,0.0,0.0,0.0,0.0,0.0,0.0,0.0,0.0,0.0,0.0,0.0,0.0,0.0,0.0,0.0,0.0,0.0,0.0,0.0,0.0,0.0,0.0,0.0,0.0,0.0,0.0,0.0,0.0,0.0,0.0,0.0,0.0,0.0,0.0,0.0,0.0,0.0,0.0,0.0,0.0,0.0,0.0,0.0,0.0,0.0,0.0,0.0,0.0,0.0,0.0,0.0,0.0,0.0,0.0,0.0,0.0,0.0,0.0,0.0,0.0,0.0,0.0,0.0,0.0,0.0,3.9351
99,52.090674,5.139392,6.1753315925598145,12,66.20049746334479,123.05618242210366,5,0.0,0.0,0.0,0.0,0.0,0.0,0.0,0.0,0.0,0.0,0.0,0.0,0.0,0.0,0.0,0.0,0.0,0.0,0.0,0.0,0.0,0.0,0.0,0.0,0.0,0.0,0.0,0.0,0.0,0.0,0.0,0.0,0.0,0.0,0.0,0.0,0.0,0.0,0.0,0.0,0.0,0.0,0.0,0.0,0.0,0.0,0.0,0.0,0.0,0.0,0.0,0.0,0.0,0.0,0.0,0.0,0.0,0.0,0.0,0.0,0.0,0.0,0.0,0.0,0.0,0.0,0.0,0.0,0.0,0.0,0.0,0.0,0.0,0.0,0.0,0.0,0.0,0.0,0.0,0.0,0.0,0.0,0.0,0.0,0.0,0.0,0.0,0.0,0.0,0.0,0.0,0.0,0.0,0.0,0.0,0.0,0.0,0.0,0.0,0.0
